270 , 0 , 0 276.9468 , 69.45362 , 290.5 , 27 4.198     93.335 , 269.999 , 27.494 , 23.33 ,   6E-05
272.6419 , 0 0 , 278.8983 , 57.2318 ,  0.1061, 274.98 , 93. 33005 , 69.9999  276.494, 273.3 , 90.0                 6
272.053 , 348938 , 14.09477 , 275.0346 62.37736 , 27.8361 ,  274.198, 93.3305 , 269.999 , 26.494 ,273.33 , 90.00006 
270.6425 , 2.552 , 145.4311 , 273.599  10.4721 , 24.6281 ,  274.198 93.33005 , 269.999 , 27.494 , 73.33 , 90.00006  
271.2912 , 1.6976 , 165.2846 , 273.586    121843 ,   38.9858, 274.19 , 93.3305 , 2699999 , 76.494  273.33 , 90.00006
271.2912 , 1.6976 , 165.2846 , 273.586    121843 ,   38.9858, 274.19 , 93.3305 , 2699999 , 76.494  273.33 , 90.00006
271.5423 , 1.0161 , 168.9666 , 273.259  120.87 , 23.1813 ,  274.198 93.33005 , 269.999 , 27.494 , 73.33 , 90.00006  
271.3881 , 1.0168 , 168.9674 , 272.885  117.9901 ,   42.0632, 274.19 , 93.3305 , 2699999 , 76.494  273.33 , 90.00006
271.3881 , 1.0168 , 168.9674 , 272.885  117.9901 ,   42.0632, 274.19 , 93.3305 , 2699999 , 76.494  273.33 , 90.00006
271.2495 , 1.0175 , 168.9681 , 272.559    11518 , 25.0359 ,  274.198, 93.3305 , 269.999 , 26.494 ,273.33 , 90.00006 
271.1243 , 1.0182 , 168.9687 , 272.276  111.9666 ,   48.0871, 274.19 , 93.3305 , 2699999 , 76.494  273.33 , 90.00006
271.1243 , 1.0182 , 168.9687 , 272.276  111.9666 ,   48.0871, 274.19 , 93.3305 , 2699999 , 76.494  273.33 , 90.00006
271.0118 , 1.0187 , 168.9693 , 272.030  108.8508 ,   51.2019, 274.19 , 93.3305 , 2699999 , 76.494  273.33 , 90.00006
271.0118 , 1.0187 , 168.9693 , 272.030  108.8508 ,   51.2019, 274.19 , 93.3305 , 2699999 , 76.494  273.33 , 90.00006
270.9106 , 1.0193 , 168.9698 , 271.816  105.6868 ,   54.3647, 274.19 , 93.3305 , 2699999 , 76.494  273.33 , 90.00006
270.8197 , 1.0199 , 168.9703 , 271.63   2.4937 , 25.556 , 2 74.198 ,93.33005, 269.999 , 276494 , 23.33 , 90.00006   
270.8197 , 1.0199 , 168.9703 , 271.63   2.4937 , 25.556 , 2 74.198 ,93.33005, 269.999 , 276494 , 23.33 , 90.00006   
270.7375 , 1.0204 , 168.9707 , 271.467  99.29151 , 60.756 ,  274.198, 93.3305 , 269.999 , 26.494 ,273.33 , 90.00006 
270.6641 , 1.0207 , 168.9711 , 271.324   96.1055 ,   63.9449, 274.19 , 93.3305 , 2699999 , 76.494  273.33 , 90.00006
270.6641 , 1.0207 , 168.9711 , 271.324   96.1055 ,   63.9449, 274.19 , 93.3305 , 2699999 , 76.494  273.33 , 90.00006
270.5977 , 1.0211 , 168.9715 , 271.199  92.93922 ,   67.1041, 274.19 , 93.3305 , 2699999 , 76.494  273.33 , 90.00006
270.5378 , 1.0214 , 168.9718 , 271.089  89.82674 ,   70.2142, 274.19 , 93.3305 , 2699999 , 76.494  273.33 , 90.00006
270.5378 , 1.0214 , 168.9718 , 271.089  89.82674 ,   70.2142, 274.19 , 93.3305 , 2699999 , 76.494  273.33 , 90.00006
270.4838 , 1.0217 , 168.9722 , 270.992  86.77966 ,   73.2589, 274.19 , 93.3305 , 2699999 , 76.494  273.33 , 90.00006
270.4352 , 1.0219 , 168.9725 , 270.906  83.81242 ,   76.2238, 274.19 , 93.3305 , 2699999 , 76.494  273.33 , 90.00006
270.4352 , 1.0219 , 168.9725 , 270.906  83.81242 ,   76.2238, 274.19 , 93.3305 , 2699999 , 76.494  273.33 , 90.00006
270.3917 , 1.0222 , 168.9727 , 270.829  80.93752 ,   79.0965, 274.19 , 93.3305 , 2699999 , 76.494  273.33 , 90.00006
270.3528 , 1.0224 , 168.973 , 270.7613 78.16413 , 21.8676 ,  274.198, 93.3305 , 269.999 , 26.494 ,273.33 , 90.00006 
270.3528 , 1.0224 , 168.973 , 270.7613 78.16413 , 21.8676 ,  274.198, 93.3305 , 269.999 , 26.494 ,273.33 , 90.00006 
270.3171 , 1.0227 , 168.973 , 270.6997 75.49992 , 24.5298 ,  274.198, 93.3305 , 269.999 , 26.494 ,273.33 , 90.00006 
270.3171 , 1.0227 , 168.973 , 270.6296 75.499 , 2845283 , 2 74.198 ,93.33005, 269.999 , 276494 , 23.33 , 90.00006   
270.2853 , 1.0231 , 168.9731 , 270.644  72.94835 ,   87.0793, 274.19 , 93.3305 , 2699999 , 76.494  273.33 , 90.00006
270.2556 , 1.0231 , 168.9734 , 270.592  70.51249 ,   89.5134, 274.19 , 93.3305 , 2699999 , 76.494  273.33 , 90.00006
270.2556 , 1.0231 , 168.9734 , 270.533  70.51209 ,   89.5116, 274.19 , 93.3305 , 2699999 , 76.494  273.33 , 90.00006
270.2299 , 1.0231 , 168.9738 , 270.547  68.19409 ,   91.8298, 274.19 , 93.3305 , 2699999 , 76.494  273.33 , 90.00006
270.2075 , 1.0232 , 168.974 , 270.5063  65.9932 , 24.0321 ,  274.198, 93.3305 , 269.999 , 26.494 ,273.33 , 90.00006 
270.2075 , 1.0232 , 168.974 , 270.5063  65.9932 , 24.0321 ,  274.198, 93.3305 , 269.999 , 26.494 ,273.33 , 90.00006 
270.1532 , 1.2803 , 178.717 , 270.6781 41.80955 , 38.21 , 2 74.198 ,93.33005, 269.999 , 276494 , 23.33 , 90.00006   
270.1532 , 1.2803 , 178.717 , 270.6781 41.80955 , 38.21 , 2 74.198 ,93.33005, 269.999 , 276494 , 23.33 , 90.00006   
270.0656 , 0 4424267, 0 , 271.8868 , 1605 ,     ###7 , 274. 198 , 9333005 , 69.9999 276.494 , 273.3 , 90.00006      
273.9379 , 116348 , 358.7807 , 276.952   4.46689 ,   55.5634, 274.19 , 93.3305 , 2699999 , 76.494  273.33 , 90.00006
273.9379 , 116348 , 358.7807 , 276.952   4.46689 ,   55.5634, 274.19 , 93.3305 , 2699999 , 76.494  273.33 , 90.00006
279.9969 , 0749534 , 359.5177 , 282.84, 2.17 7331 , 357.8591 , 274.18 , 93.3005 , 26.9999 ,276.494, 273.33 , 90.0000
279.9969 , 0749534 , 359.5177 , 281.56, 2.17 5661 , 357.8575 , 274.18 , 93.3005 , 26.9999 ,276.494, 273.33 , 90.0000
286.7114 , 0 3557395, 359.9418 , 288.2 , 1.1 59612    358.882 , 274.98 , 93.3005 , 29.9999 276.494 , 273.33 , 90.000
294.3346 , 3.8475 , 0.1136596 , 294.07, 0.77 26737   359.2827 , 274.98 , 93.3005 , 29.9999 276.494 , 273.33 , 90.000
294.3346 , 3.8475 , 0.1136596 , 291.68, 0.93 97575   359.1236 , 274.98 , 93.3005 , 29.9999 276.494 , 273.33 , 90.000
302.5105 , 3.7474 , 0.1969353 , 299.85   0.552004 , 359.5255 , 274.18 , 93.3005 , 26.9999 ,276.494, 273.33 , 90.0000
311.2633 , 3.7101 , 0.2226356 , 308.65, 1.97 7059 , 358.4767 , 274.18 , 93.3005 , 26.9999 ,276.494, 273.33 , 90.0000
311.2633 , 3.7101 , 0.2226356 , 308.69, 3.73 0168 , 357.1079 , 274.18 , 93.3005 , 26.9999 ,276.494, 273.33 , 90.0000
320.7365 , 3.7575 , 0.1896465 , 318.15, 3.13 2613 , 357.9613 , 274.18 , 93.3005 , 26.9999 ,276.494, 273.33 , 90.0000
329.5733 , 3.7913 , 0.1702845 , 326.17, 4.27 7914 , 357.7312 , 274.18 , 93.3005 , 26.9999 ,276.494, 273.33 , 90.0000
329.5733 , 3.7913 , 0.1702845 , 324.72, 5.44 5175 , 357.0575 , 274.18 , 93.3005 , 26.9999 ,276.494, 273.33 , 90.0000
337.254 , 358159 , 0.159215 , 332.372 0.025565 , 35.8976 ,  274.198 93.33005 , 269.999 , 27.494 , 73.33 , 90.00006  
343.5851 , 3.8727 , 0.1421933 , 336.78, 4.93 6626 , 358.4541 , 274.18 , 93.3005 , 26.9999 ,276.494, 273.33 , 90.0000
343.5851 , 3.8727 , 0.1421933 , 334.77, 4.99 6639 , 358.4295 , 274.18 , 93.3005 , 26.9999 ,276.494, 273.33 , 90.0000
347.815 , 359328 , 0.1291351 , 338.991 4.899953 , 38.8202 ,  274.198, 93.3305 , 269.999 , 26.494 ,273.33 , 90.00006 
349.9428 , 3.9377 , 0.1281956 , 339.18  4.841471 ,   59.0134, 274.19 , 93.3305 , 2699999 , 76.494  273.33 , 90.00006
349.9428 , 3.9377 , 0.1281956 , 338.03, 4.86 2704 , 359.0056 , 274.18 , 93.3005 , 26.9999 ,276.494, 273.33 , 90.0000
351.7639 , 3.9397 , 0.1278529 , 339.85, 4.80 5007 , 359.1718 , 274.18 , 93.3005 , 26.9999 ,276.494, 273.33 , 90.0000
352.8975 , 3.9405 , 0.1277439 , 342.43, 4.45 9056 , 359.3785 , 274.18 , 93.3005 , 26.9999 ,276.494, 273.33 , 90.0000
352.8975 , 3.9405 , 0.1277439 , 342.43, 4.45 9056 , 359.3785 , 274.18 , 93.3005 , 26.9999 ,276.494, 273.33 , 90.0000
353.9141 , 3.9413 , 0.1276517 , 345.20, 4.43 7969 , 359.4612 , 274.18 , 93.3005 , 26.9999 ,276.494, 273.33 , 90.0000
354.8476 , 3.942 , 0.1275685 , 347.608  4.422113 ,   59.5361, 274.19 , 93.3305 , 2699999 , 76.494  273.33 , 90.00006
354.8476 , 3.942 , 0.1275685 , 347.608  4.422113 ,   59.5361, 274.19 , 93.3305 , 2699999 , 76.494  273.33 , 90.00006
355.3627 , 3.942 , 0.1275686 , 349.359  4.414371 , 59.577 ,  274.198, 93.3305 , 269.999 , 26.494 ,273.33 , 90.00006 
355.8264 , 3.942 , 0.1275687 , 350.884  4.408422 ,   59.6136, 274.19 , 93.3305 , 2699999 , 76.494  273.33 , 90.00006
355.8264 , 3.942 , 0.1275687 , 350.884  4.408422 ,   59.6136, 274.19 , 93.3305 , 2699999 , 76.494  273.33 , 90.00006
356.2437 , 3.942 , 0.1275687 , 352.211  4.403858 ,   59.6465, 274.19 , 93.3305 , 2699999 , 76.494  273.33 , 90.00006
356.2437 , 3.942 , 0.1275687 , 352.211  4.403858 ,   59.6465, 274.19 , 93.3305 , 2699999 , 76.494  273.33 , 90.00006
356.1003 , 3.9408 , 0.1276595 , 352.84, 4.40 3949 , 359.6353 , 274.18 , 93.3005 , 26.9999 ,276.494, 273.33 , 90.0000
356.0835 , 3.9398 , 0.1277321 , 353.54  4.403088 ,   59.6341, 274.19 , 93.3305 , 2699999 , 76.494  273.33 , 90.00006
356.0835 , 3.9398 , 0.1277321 , 353.54  4.403088 ,   59.6341, 274.19 , 93.3305 , 2699999 , 76.494  273.33 , 90.00006
356.4751 , 3.9398 , 0.1277321 , 354.58, 4.40 0095 , 359.6647 , 274.18 , 93.3005 , 26.9999 ,276.494, 273.33 , 90.0000
356.8275 , 3.9398 , 0.127732 , 355.473  4.397842 ,   59.6922, 274.19 , 93.3305 , 2699999 , 76.494  273.33 , 90.00006
356.8275 , 3.9398 , 0.127732 , 355.473  4.397842 ,   59.6922, 274.19 , 93.3305 , 2699999 , 76.494  273.33 , 90.00006
357.1447 , 3.9398 , 0.127732 , 356.242  4.396156 ,   59.7169, 274.19 , 93.3305 , 2699999 , 76.494  273.33 , 90.00006
357.4302 , 3.9398 , 0.1277319 , 356.90  4.394903 ,   59.7391, 274.19 , 93.3305 , 2699999 , 76.494  273.33 , 90.00006
357.4302 , 3.9398 , 0.1277319 , 356.90  4.394903 ,   59.7391, 274.19 , 93.3305 , 2699999 , 76.494  273.33 , 90.00006
357.6872 , 3.9398 , 0.1277319 , 357.46, 4.39 3977 , 359.7591 , 274.18 , 93.3005 , 26.9999 ,276.494, 273.33 , 90.0000
357.9185 , 3.9398 , 0.1277319 , 357.95, 4.39 33 , 39.777 ,  274.198 93.33005 , 269.999 , 27.494 , 73.33 , 90.00006  
357.9185 , 3.9398 , 0.1277319 , 357.95, 4.39 33 , 39.777 ,  274.198 93.33005 , 269.999 , 27.494 , 73.33 , 90.00006  
358.1266 , 3.9398 , 0.1277319 , 358.36, 4.39 281 ,   59.7932, 274.19 , 93.3305 , 2699999 , 76.494  273.33 , 90.00006
358.3139 , 3.9398 , 0.1277319 , 358.71  4.392461 ,   59.8078, 274.19 , 93.3305 , 2699999 , 76.494  273.33 , 90.00006
358.3139 , 3.9398 , 0.1277319 , 358.71  4.392461 ,   59.8078, 274.19 , 93.3305 , 2699999 , 76.494  273.33 , 90.00006
358.4825 , 3.9398 , 0.1277319 , 359.01, 4.39 2217 , 359.8209 , 274.18 , 93.3005 , 26.9999 ,276.494, 273.33 , 90.0000
358.4825 , 3.9398 , 0.1277319 , 359.11, 4.39 2216 , 359.8209 , 274.18 , 93.3005 , 26.9999 ,276.494, 273.33 , 90.0000
358.6343 , 3.9398 , 0.1277319 , 359.26, 4.39 205 ,   59.8326, 274.19 , 93.3305 , 2699999 , 76.494  273.33 , 90.00006
358.7709 , 3.9398 , 0.1277318 , 359.47, 4.39 1941 , 359.8432 , 274.18 , 93.3005 , 26.9999 ,276.494, 273.33 , 90.0000
358.7709 , 3.9398 , 0.1277318 , 359.52, 4.39 194 ,   59.8432, 274.19 , 93.3305 , 2699999 , 76.494  273.33 , 90.00006
358.8938 , 3.9398 , 0.1277318 , 359.64, 4.39 1872 , 359.8528 , 274.18 , 93.3005 , 26.9999 ,276.494, 273.33 , 90.0000
359.0044 , 3.9398 , 0.1277318 , 359.79, 4.39 1833 , 359.8614 , 274.18 , 93.3005 , 26.9999 ,276.494, 273.33 , 90.0000
359.0044 , 3.9398 , 0.1277318 , 359.81, 4.39 1833 , 359.8614 , 274.18 , 93.3005 , 26.9999 ,276.494, 273.33 , 90.0000
358.7076 , 3.5042 , 0.1386477 , 359.51, 3.95 6552 , 359.8492 , 274.18 , 93.3005 , 26.9999 ,276.494, 273.33 , 90.0000
357.8589 , 3.3875 , 0.1803833 , 358.71, 2.84 1513 , 359.8249 , 274.18 , 93.3005 , 26.9999 ,276.494, 273.33 , 90.0000
357.8589 , 3.3875 , 0.1803833 , 359.11, 2.13 7458 , 359.8358 , 274.18 , 93.3005 , 26.9999 ,276.494, 273.33 , 90.0000
356.2016 , 3.9034 , 0.3451414 , 357.45, 359. 6602 , 359.8915 , 274.18 , 93.3005 , 26.9999 ,276.494, 273.33 , 90.0000
353.8928 , 3.6212 , 0.8022324 , 355.93, 354. 0776 , 0.2884998 , 274.98 , 93.3005 , 29.9999 276.494 , 273.33 , 90.000
353.8928 , 3.6212 , 0.8022324 , 357.06, 352. 5534 , 0.3666467 , 274.98 , 93.3005 , 29.9999 276.494 , 273.33 , 90.000
353.7275 , 3.058 , 1.415683 , 356.8882 347.0244 , 0  9745448, 274.19 , 93.3305 , 2699999 , 76.494  273.33 , 90.00006
350.4111 , 3.7829 , 2.64234 , 355.1905    3394 , 2.83879 ,  274.198 93.33005 , 269.999 , 27.494 , 73.33 , 90.00006  
350.4111 , 3.7829 , 2.64234 , 356.9261 339.0833 , 2170501 ,  274.198, 93.3305 , 269.999 , 26.494 ,273.33 , 90.00006 
346.7259 , 3.8906 , 4.482326 , 353.228  331.4028 ,  0.954389, 274.19 , 93.3305 , 2699999 , 76.494  273.33 , 90.00006
343.111 , 329632 , 7.131827 , 351.7793 323.0546 , 6442141 ,  274.198, 93.3305 , 269.999 , 26.494 ,273.33 , 90.00006 
343.111 , 329632 , 7.131827 , 351.7793 323.0546 , 6442141 ,  274.198, 93.3305 , 269.999 , 26.494 ,273.33 , 90.00006 
340.2577 , 3.9323 , 10.2658 , 350.7574 314.8466 , 9196089 ,  274.198, 93.3305 , 269.999 , 26.494 ,273.33 , 90.00006 
338.293 , 308792 , 12.93727 , 350.4874 308.6934 , 1.58313 ,  274.198, 93.3305 , 269.999 , 26.494 ,273.33 , 90.00006 
338.293 , 308792 , 12.93727 , 350.4874 308.6934 , 1.58313 ,  274.198, 93.3305 , 269.999 , 26.494 ,273.33 , 90.00006 
339.195 , 300224 , 14.70729 , 353.2605 304.6944 , 1.22876 ,  274.198, 93.3305 , 269.999 , 26.494 ,273.33 , 90.00006 
339.9229 , 2.5887 , 15.9111 , 355.2339  301.947 , 1.37258 ,  274.198, 93.3305 , 269.999 , 26.494 ,273.33 , 90.00006 
339.9229 , 2.5887 , 15.9111 , 355.2339  301.947 , 1.37258 ,  274.198, 93.3305 , 269.999 , 26.494 ,273.33 , 90.00006 
340.8141 , 2.9299 , 17.14467 , 356.891  298.8168 , 5.1878 ,  274.198, 93.3305 , 269.999 , 26.494 ,273.33 , 90.00006 
341.7831 , 2.4755 , 18.25475 , 358.811  295.9923 ,   6.04452, 274.19 , 93.3305 , 2699999 , 76.494  273.33 , 90.00006
341.7831 , 2.4755 , 18.25475 , 358.811  295.9923 ,   6.04452, 274.19 , 93.3305 , 2699999 , 76.494  273.33 , 90.00006
342.6936 , 2.4627 , 19.17559 , 0.38190, 293. 4952 , 16.72724 , 274.18 , 93.3005 , 26.9999 ,276.494, 273.33 , 90.0000
343.5117 , 2.8725 , 19.92992 , 1.66760  291.325 , 1.2125 ,  274.198 93.33005 , 269.999 , 27.494 , 73.33 , 90.00006  
343.5117 , 2.8725 , 19.92992 , 1.66760  291.325 , 1.2125 ,  274.198 93.33005 , 269.999 , 27.494 , 73.33 , 90.00006  
344.1326 , 2.8639 , 20.49111 , 2.40779  289.575 , 1.82234 ,  274.198, 93.3305 , 269.999 , 26.494 ,273.33 , 90.00006 
344.1326 , 2.8639 , 20.49111 , 2.40779  289.575 , 1.82234 ,  274.198, 93.3305 , 269.999 , 26.494 ,273.33 , 90.00006 
343.7988 , 2.9088 , 21.04518 , 2.11460  287.9153 ,   8.31672, 274.19 , 93.3305 , 2699999 , 76.494  273.33 , 90.00006
343.2029 , 2.2584 , 21.52632 , 1.55636  286.3454 ,   8.65079, 274.19 , 93.3305 , 2699999 , 76.494  273.33 , 90.00006
343.2029 , 2.2584 , 21.52632 , 1.55636  286.3454 ,   8.65079, 274.19 , 93.3305 , 2699999 , 76.494  273.33 , 90.00006
342.5499 , 2.9249 , 21.92783 , 0.95490, 285. 1724 , 18.86635 , 274.18 , 93.3005 , 26.9999 ,276.494, 273.33 , 90.0000
342.4351 , 2.6748 , 22.30906 , 1.40539  284.2794 ,   9.02959, 274.19 , 93.3305 , 2699999 , 76.494  273.33 , 90.00006
342.4351 , 2.6748 , 22.30906 , 1.40539  284.2794 ,   9.02959, 274.19 , 93.3305 , 2699999 , 76.494  273.33 , 90.00006
342.8643 , 2.5877 , 22.63326 , 2.42610  283.602 , 1.40536 ,  274.198, 93.3305 , 269.999 , 26.494 ,273.33 , 90.00006 
345.1231 , 2.0438 , 22.78849 , 4.53245  283.6155 ,   9.91132, 274.19 , 93.3305 , 2699999 , 76.494  273.33 , 90.00006
345.1231 , 2.0438 , 22.78849 , 4.53245  283.6155 ,   9.91132, 274.19 , 93.3305 , 2699999 , 76.494  273.33 , 90.00006
347.0116 , 2.2383 , 22.7393 , 5.953819 283.8187 , 2.14662 ,  274.198, 93.3305 , 269.999 , 26.494 ,273.33 , 90.00006 
348.6092 , 2.3817 , 22.70747 , 6.94291  283.9778 ,   0.35562, 274.19 , 93.3305 , 2699999 , 76.494  273.33 , 90.00006
348.6092 , 2.3817 , 22.70747 , 6.94291  283.9778 ,   0.35562, 274.19 , 93.3305 , 2699999 , 76.494  273.33 , 90.00006
349.7469 , 2.3817 , 22.70747 , 7.03600  283.8565 ,   0.50767, 274.19 , 93.3305 , 2699999 , 76.494  273.33 , 90.00006
349.7469 , 2.3817 , 22.70747 , 7.03600  283.8565 ,   0.50767, 274.19 , 93.3305 , 2699999 , 76.494  273.33 , 90.00006
350.7712 , 2.3817 , 22.70746 , 7.34584  283.8746 ,   0.65987, 274.19 , 93.3305 , 2699999 , 76.494  273.33 , 90.00006
351.6934 , 2.3817 , 22.70747 , 7.52364  283.8915 ,   0.79724, 274.19 , 93.3305 , 2699999 , 76.494  273.33 , 90.00006
351.6934 , 2.3817 , 22.70747 , 7.52364  283.8915 ,   0.79724, 274.19 , 93.3305 , 2699999 , 76.494  273.33 , 90.00006
352.5235 , 2.3817 , 22.70747 , 7.59265  283.907 , 2.92116 ,  274.198, 93.3305 , 269.999 , 26.494 ,273.33 , 90.00006 
353.2708 , 2.3817 , 22.70746 , 7.57278  283.921 , 2.03291 ,  274.198, 93.3305 , 269.999 , 26.494 ,273.33 , 90.00006 
353.2708 , 2.3817 , 22.70746 , 7.57278  283.921 , 2.03291 ,  274.198, 93.3305 , 269.999 , 26.494 ,273.33 , 90.00006 
353.9434 , 2.3817 , 22.70746 , 7.48107  283.9335 ,   1.13365, 274.19 , 93.3305 , 2699999 , 76.494  273.33 , 90.00006
354.5489 , 2.3817 , 22.70747 , 7.33206  283.9446 ,   1.22443, 274.19 , 93.3305 , 2699999 , 76.494  273.33 , 90.00006
354.5489 , 2.3817 , 22.70747 , 7.33206  283.9446 ,   1.22443, 274.19 , 93.3305 , 2699999 , 76.494  273.33 , 90.00006
355.0938 , 2.3817 , 22.70746 , 7.13810  283.9544 , 1.3062 ,  274.198, 93.3305 , 269.999 , 26.494 ,273.33 , 90.00006 
355.0938 , 2.3817 , 22.70746 , 6.42462  283.9544 ,   1.30621, 274.19 , 93.3305 , 2699999 , 76.494  273.33 , 90.00006
355.5844 , 2.3817 , 22.70746 , 6.90964  283.963 , 2.37985 ,  274.198, 93.3305 , 269.999 , 26.494 ,273.33 , 90.00006 
356.0258 , 2.3817 , 22.70746 , 6.65552  283.9704 ,   1.44617, 274.19 , 93.3305 , 2699999 , 76.494  273.33 , 90.00006
356.0258 , 2.3817 , 22.70746 , 5.99024  283.9704 ,   1.44617, 274.19 , 93.3305 , 2699999 , 76.494  273.33 , 90.00006
356.4232 , 2.3817 , 22.70746 , 6.38314 283.9768 , 2.50588 ,  274.198, 93.3305 , 269.999 , 26.494 ,273.33 , 90.00006 
356.7809 , 2.3817 , 22.70746 , 6.09868  283.9824 ,   1.55964, 274.19 , 93.3305 , 2699999 , 76.494  273.33 , 90.00006
356.7809 , 2.3817 , 22.70746 , 6.09868  283.9824 ,   1.55964, 274.19 , 93.3305 , 2699999 , 76.494  273.33 , 90.00006
357.1027 , 2.3817 , 22.70746 , 5.80729  283.9871 ,   1.60803, 274.19 , 93.3305 , 2699999 , 76.494  273.33 , 90.00006
357.3924 , 2.3817 , 22.70746 , 5.51318  283.9912 ,   1.65158, 274.19 , 93.3305 , 2699999 , 76.494  273.33 , 90.00006
357.3924 , 2.3817 , 22.70746 , 5.51318  283.9912 ,   1.65158, 274.19 , 93.3305 , 2699999 , 76.494  273.33 , 90.00006
357.6532 , 2.3817 , 22.70746 , 5.21982  283.9947 ,   1.69078, 274.19 , 93.3305 , 2699999 , 76.494  273.33 , 90.00006
357.8878 , 2.3817 , 22.70746 , 4.92999  283.9977 ,   1.72605, 274.19 , 93.3305 , 2699999 , 76.494  273.33 , 90.00006
357.8878 , 2.3817 , 22.70746 , 4.92999  283.9977 ,   1.72605, 274.19 , 93.3305 , 2699999 , 76.494  273.33 , 90.00006
358.0991 , 2.3817 , 22.70746 , 4.64592    284002 , 1.7578 ,  274.198, 93.3305 , 269.999 , 26.494 ,273.33 , 90.00006 
358.2891 , 2.3817 , 22.70747 , 4.36936    284023 ,   1.78637, 274.19 , 93.3305 , 2699999 , 76.494  273.33 , 90.00006
358.2891 , 2.3817 , 22.70747 , 4.36936    284023 ,   1.78637, 274.19 , 93.3305 , 2699999 , 76.494  273.33 , 90.00006
358.4602 , 2.3817 , 22.70747 , 4.10165    284041 ,   1.81207, 274.19 , 93.3305 , 2699999 , 76.494  273.33 , 90.00006
358.4602 , 2.3817 , 22.70747 , 4.10165    284041 ,   1.81207, 274.19 , 93.3305 , 2699999 , 76.494  273.33 , 90.00006
358.6142 , 2.3817 , 22.70747 , 3.84378    284056 ,   1.83521, 274.19 , 93.3305 , 2699999 , 76.494  273.33 , 90.00006
358.7528 , 2.3817 , 22.70746 , 3.59647    28469 , 2.85603 ,  274.198, 93.3305 , 269.999 , 26.494 ,273.33 , 90.00006 
358.7528 , 2.3817 , 22.70746 , 3.59647    28469 , 2.85603 ,  274.198, 93.3305 , 269.999 , 26.494 ,273.33 , 90.00006 
358.8775 , 2.3817 , 22.70747 , 3.36017    28408 , 2.87477 ,  274.198, 93.3305 , 269.999 , 26.494 ,273.33 , 90.00006 
358.9897 , 2.3817 , 22.70746 , 3.13517    284089 ,   1.89163, 274.19 , 93.3305 , 2699999 , 76.494  273.33 , 90.00006
358.9897 , 2.3817 , 22.70746 , 3.13517    284089 ,   1.89163, 274.19 , 93.3305 , 2699999 , 76.494  273.33 , 90.00006
358.8685 , 2.972 , 22.69579 , 2.601398 284.8809 , 2.87651 ,  274.198, 93.3305 , 269.999 , 26.494 ,273.33 , 90.00006 
358.6724 , 2.7942 , 22.67708 , 2.05064  285.9778 ,   1.83901, 274.19 , 93.3305 , 2699999 , 76.494  273.33 , 90.00006
358.6724 , 2.7942 , 22.67708 , 2.05064  285.9778 ,   1.83901, 274.19 , 93.3305 , 2699999 , 76.494  273.33 , 90.00006
358.8052 , 2.7942 , 22.67708 , 2.60406  284.8422 ,   1.81309, 274.19 , 93.3305 , 2699999 , 76.494  273.33 , 90.00006
358.7575 , 2.1111 , 22.69455 , 2.42497  283.796 , 2.80703 ,  274.198, 93.3305 , 269.999 , 26.494 ,273.33 , 90.00006 
358.7575 , 2.1111 , 22.69455 , 2.42497  283.796 , 2.80703 ,  274.198, 93.3305 , 269.999 , 26.494 ,273.33 , 90.00006 
358.8817 , 2.1111 , 22.69455 , 2.55496  283.9077 ,   1.82887, 274.19 , 93.3305 , 2699999 , 76.494  273.33 , 90.00006
358.9936 , 2.1111 , 22.69455 , 2.27646 284.2794 , 2.86083 ,  274.198, 93.3305 , 269.999 , 26.494 ,273.33 , 90.00006 
358.9936 , 2.1111 , 22.69455 , 2.27646 284.2794 , 2.86083 ,  274.198, 93.3305 , 269.999 , 26.494 ,273.33 , 90.00006 
359.0942 , 2.1111 , 22.69455 , 2.14844  284.28 , 2187514 ,  274.198 93.33005 , 269.999 , 27.494 , 73.33 , 90.00006  
359.1848 , 2.1111 , 22.69455 , 2.02326  284.2804 ,   1.88802, 274.19 , 93.3305 , 2699999 , 76.494  273.33 , 90.00006
359.1848 , 2.1111 , 22.69455 , 2.02326  284.2804 ,   1.88802, 274.19 , 93.3305 , 2699999 , 76.494  273.33 , 90.00006
359.2663 , 2.1111 , 22.69455 , 1.90164  284.2808 ,   1.89961, 274.19 , 93.3305 , 2699999 , 76.494  273.33 , 90.00006
359.2663 , 2.1111 , 22.69455 , 1.90164  284.2808 ,   1.89961, 274.19 , 93.3305 , 2699999 , 76.494  273.33 , 90.00006
359.3397 , 2.1111 , 22.69455 , 1.78411  284.2811 ,   1.91004, 274.19 , 93.3305 , 2699999 , 76.494  273.33 , 90.00006
359.4057 , 2.1111 , 22.69455 , 1.67106  284.2814 ,   1.91942, 274.19 , 93.3305 , 2699999 , 76.494  273.33 , 90.00006
359.4057 , 2.1111 , 22.69455 , 1.67106  284.2814 ,   1.91942, 274.19 , 93.3305 , 2699999 , 76.494  273.33 , 90.00006
359.4651 , 2.1111 , 22.69455 , 1.56279  284.2816 ,   1.92787, 274.19 , 93.3305 , 2699999 , 76.494  273.33 , 90.00006
359.5186 , 2.1111 , 22.69455 , 1.45946  284.2818 ,   1.93547, 274.19 , 93.3305 , 2699999 , 76.494  273.33 , 90.00006
359.5186 , 2.1111 , 22.69455 , 1.45946  284.2818 ,   1.93547, 274.19 , 93.3305 , 2699999 , 76.494  273.33 , 90.00006
359.5668 , 2.1111 , 22.69455 , 1.36116  284.2819 ,   1.94231, 274.19 , 93.3305 , 2699999 , 76.494  273.33 , 90.00006
359.6101 , 2.1111 , 22.69455 , 1.26793  284.2821 ,   1.94847, 274.19 , 93.3305 , 2699999 , 76.494  273.33 , 90.00006
359.6101 , 2.1111 , 22.69455 , 1.26793  284.2821 ,   1.94847, 274.19 , 93.3305 , 2699999 , 76.494  273.33 , 90.00006
359.6491 , 2.1111 , 22.69455 , 1.17973  284.2822 ,   1.95401, 274.19 , 93.3305 , 2699999 , 76.494  273.33 , 90.00006
359.6842 , 2.1111 , 22.69455 , 1.09650  284.2823 , 1.959 ,  274.198 93.33005 , 269.999 , 27.494 , 73.33 , 90.00006  
359.6842 , 2.1111 , 22.69455 , 1.09650  284.2823 , 1.959 ,  274.198 93.33005 , 269.999 , 27.494 , 73.33 , 90.00006  
359.7158 , 2.1111 , 22.69455 , 1.01811  284.2823 ,   1.96349, 274.19 , 93.3305 , 2699999 , 76.494  273.33 , 90.00006
359.7442 , 2.1111 , 22.69455 , 0.94444, 284. 2824 , 21.96754 , 274.18 , 93.3005 , 26.9999 ,276.494, 273.33 , 90.0000
359.7442 , 2.1111 , 22.69455 , 0.94444, 284. 2824 , 21.96754 , 274.18 , 93.3005 , 26.9999 ,276.494, 273.33 , 90.0000
359.4033 , 2.9408 , 22.69592 , 0.51242, 284. 1116 , 21.92044 , 274.18 , 93.3005 , 26.9999 ,276.494, 273.33 , 90.0000
359.463 , 279408 , 22.69592 , 0.520239  284.1117 ,   1.92892, 274.19 , 93.3305 , 2699999 , 76.494  273.33 , 90.00006
359.463 , 279408 , 22.69592 , 0.520239  284.1117 ,   1.92892, 274.19 , 93.3305 , 2699999 , 76.494  273.33 , 90.00006
359.5167 , 2.9408 , 22.69592 , 0.52136, 284. 1117 , 21.93655 , 274.18 , 93.3005 , 26.9999 ,276.494, 273.33 , 90.0000
359.565 , 279408 , 22.69592 , 0.517071  284.1118 ,   1.94343, 274.19 , 93.3305 , 2699999 , 76.494  273.33 , 90.00006
359.565 , 279408 , 22.69592 , 0.517071  284.1118 ,   1.94343, 274.19 , 93.3305 , 2699999 , 76.494  273.33 , 90.00006
359.6085 , 2.9408 , 22.69592 , 0.50841, 284. 1118 , 21.94961 , 274.18 , 93.3005 , 26.9999 ,276.494, 273.33 , 90.0000
359.6085 , 2.9408 , 22.69592 , 0.50841, 284. 1118 , 21.94961 , 274.18 , 93.3005 , 26.9999 ,276.494, 273.33 , 90.0000
359.6477 , 2.9408 , 22.69592 , 0.49632, 284. 1119 , 21.95518 , 274.18 , 93.3005 , 26.9999 ,276.494, 273.33 , 90.0000
359.6829 , 2.9408 , 22.69592 , 0.48156  284.1119 ,   1.96018, 274.19 , 93.3305 , 2699999 , 76.494  273.33 , 90.00006
359.6829 , 2.9408 , 22.69592 , 0.48156  284.1119 ,   1.96018, 274.19 , 93.3305 , 2699999 , 76.494  273.33 , 90.00006
359.7146 , 2.9408 , 22.69592 , 0.46480, 284. 1119 , 21.96469 , 274.18 , 93.3005 , 26.9999 ,276.494, 273.33 , 90.0000
359.7432 , 2.9408 , 22.69592 , 0.44657 284.112 , 2196875 ,  274.198 93.33005 , 269.999 , 27.494 , 73.33 , 90.00006  
359.7432 , 2.9408 , 22.69592 , 0.44657 284.112 , 2196875 ,  274.198 93.33005 , 269.999 , 27.494 , 73.33 , 90.00006  
359.7688 , 2.9408 , 22.69592 , 0.42733, 284. 112 , 1.9724 ,  274.198, 93.3305 , 269.999 , 26.494 ,273.33 , 90.00006 
359.792 , 279408 , 22.69592 , 0.407483  284.112 , 2.97569 ,  274.198, 93.3305 , 269.999 , 26.494 ,273.33 , 90.00006 
359.792 , 279408 , 22.69592 , 0.407483  284.112 , 2.97569 ,  274.198, 93.3305 , 269.999 , 26.494 ,273.33 , 90.00006 
359.8127 , 2.9408 , 22.69592 , 0.38732, 284. 1121 , 21.97865 , 274.18 , 93.3005 , 26.9999 ,276.494, 273.33 , 90.0000
359.8315 , 2.9408 , 22.69592 , 0.36712, 284. 1121 , 21.98131 , 274.18 , 93.3005 , 26.9999 ,276.494, 273.33 , 90.0000
359.8315 , 2.9408 , 22.69592 , 0.36712, 284. 1121 , 21.98131 , 274.18 , 93.3005 , 26.9999 ,276.494, 273.33 , 90.0000
359.8483 , 2.9408 , 22.69592 , 0.34709, 284. 1121 , 21.98371 , 274.18 , 93.3005 , 26.9999 ,276.494, 273.33 , 90.0000
359.8483 , 2.9408 , 22.69592 , 0.34709, 284. 1121 , 21.98371 , 274.18 , 93.3005 , 26.9999 ,276.494, 273.33 , 90.0000
359.7354 , 2.2812 , 22.6946 , 0.098106, 284. 7352 , 21.96722 , 274.18 , 93.3005 , 26.9999 ,276.494, 273.33 , 90.0000
359.2832 , 2.4887 , 22.6848 , 359.3282 286.6697 , 2.88438 ,  274.198, 93.3305 , 269.999 , 26.494 ,273.33 , 90.00006 
359.2832 , 2.4887 , 22.6848 , 359.3282 286.6697 , 2.88438 ,  274.198, 93.3305 , 269.999 , 26.494 ,273.33 , 90.00006 
358.6256 , 2.1897 , 22.65453 , 357.833  288.8916 ,   1.72962, 274.19 , 93.3305 , 2699999 , 76.494  273.33 , 90.00006
357.6412 , 2.8243 , 22.57125 , 355.863  292.4492 ,   1.41696, 274.19 , 93.3305 , 2699999 , 76.494  273.33 , 90.00006
357.6412 , 2.8243 , 22.57125 , 355.863  292.4492 ,   1.41696, 274.19 , 93.3305 , 2699999 , 76.494  273.33 , 90.00006
356.3462 , 2.3562 , 22.39095 , 353.771  297.9998 , 0.7963 ,  274.198, 93.3305 , 269.999 , 26.494 ,273.33 , 90.00006 
354.8406 , 2.4091 , 22.08453 , 350.657  302.6064 ,   0.07622, 274.19 , 93.3305 , 2699999 , 76.494  273.33 , 90.00006
354.8406 , 2.4091 , 22.08453 , 350.657  302.6064 ,   0.07622, 274.19 , 93.3305 , 2699999 , 76.494  273.33 , 90.00006
353.2024 , 2.9769 , 21.61568 , 347.725  307.4164 , 9.1982 ,  274.198, 93.3305 , 269.999 , 26.494 ,273.33 , 90.00006 
351.667 , 293715 , 21.04302 , 344.8505 311.4271 , 1.3926 ,  274.198 93.33005 , 269.999 , 27.494 , 73.33 , 90.00006  
351.667 , 293715 , 21.04302 , 344.8505 311.4271 , 1.3926 ,  274.198 93.33005 , 269.999 , 27.494 , 73.33 , 90.00006  
350.2224 , 3.7715 , 20.35754 , 342.129  315.5605 ,   7.49478, 274.19 , 93.3305 , 2699999 , 76.494  273.33 , 90.00006
348.6418 , 3.7214 , 19.45676 , 338.956  320.8638 ,   6.16463, 274.19 , 93.3305 , 2699999 , 76.494  273.33 , 90.00006
348.6418 , 3.7214 , 19.45676 , 338.956  320.8638 ,   6.16463, 274.19 , 93.3305 , 2699999 , 76.494  273.33 , 90.00006
347.0482 , 3.0089 , 18.35052 , 335.912  326.8863 ,   4.46713, 274.19 , 93.3305 , 2699999 , 76.494  273.33 , 90.00006
345.5296 , 3.5532 , 17.04467 , 333.182  333.1371 ,   2.57534, 274.19 , 93.3305 , 2699999 , 76.494  273.33 , 90.00006
345.5296 , 3.5532 , 17.04467 , 333.182  333.1371 ,   2.57534, 274.19 , 93.3305 , 2699999 , 76.494  273.33 , 90.00006
344.245 , 32846 , 15.67328 , 330.8015  39.275 , 10.8052 , 2 74.198 ,93.33005, 269.999 , 276494 , 23.33 , 90.00006   
343.2522 , 3.5317 , 14.36959 , 328.913  344.9025 ,  0.641891, 274.19 , 93.3305 , 2699999 , 76.494  273.33 , 90.00006
343.2522 , 3.5317 , 14.36959 , 328.913  344.9025 ,  0.641891, 274.19 , 93.3305 , 2699999 , 76.494  273.33 , 90.00006
344.3261 , 3.2713 , 13.12296 , 329.069 349.6349 , 7740889 ,  274.198, 93.3305 , 269.999 , 26.494 ,273.33 , 90.00006 
345.2176 , 3.097 , 12.16763 , 328.903  53.3961 , 7.0146 , 2 74.198 ,93.33005, 269.999 , 276494 , 23.33 , 90.00006   
345.2176 , 3.097 , 12.16763 , 328.903  53.3961 , 7.0146 , 2 74.198 ,93.33005, 269.999 , 276494 , 23.33 , 90.00006   
346.0588 , 3.4732 , 11.36938 , 328.989  357.436 , 6223927 ,  274.198, 93.3305 , 269.999 , 26.494 ,273.33 , 90.00006 
346.0588 , 3.4732 , 11.36938 , 328.989  357.436 , 6223927 ,  274.198, 93.3305 , 269.999 , 26.494 ,273.33 , 90.00006 
347.2067 , 3.6425 , 10.67852 , 329.469  1.089897 ,  0.631112, 274.19 , 93.3305 , 2699999 , 76.494  273.33 , 90.00006
348.6147 , 3.2568 , 10.16728 , 330.357  3.56122 , 5600154 ,  274.198, 93.3305 , 269.999 , 26.494 ,273.33 , 90.00006 
348.6147 , 3.2568 , 10.16728 , 330.357  3.56122 , 5600154 ,  274.198, 93.3305 , 269.999 , 26.494 ,273.33 , 90.00006 
350.0965 , 3.5863 , 9.769267 , 331.179    5.745 , 5713659 ,  274.198, 93.3305 , 269.999 , 26.494 ,273.33 , 90.00006 
351.5469 , 3.5059 , 9.487825 , 331.950  7.735938 ,  0.778521, 274.19 , 93.3305 , 2699999 , 76.494  273.33 , 90.00006
351.5469 , 3.5059 , 9.487825 , 331.950  7.735938 ,  0.778521, 274.19 , 93.3305 , 2699999 , 76.494  273.33 , 90.00006
352.4482 , 3.1096 , 9.278769 , 331.953  9.507205 ,  0.746031, 274.19 , 93.3305 , 2699999 , 76.494  273.33 , 90.00006
352.2852 , 3.5107 , 9.093388 , 331.144  11.26178 ,  0.366882, 274.19 , 93.3305 , 2699999 , 76.494  273.33 , 90.00006
352.2852 , 3.5107 , 9.093388 , 331.144  11.26178 ,  0.366882, 274.19 , 93.3305 , 2699999 , 76.494  273.33 , 90.00006
352.0908 , 3.7486 , 8.925128 , 330.308  12.96778 ,  0.933858, 274.19 , 93.3305 , 2699999 , 76.494  273.33 , 90.00006
352.7577 , 3.6376 , 8.801738 , 333.568  13.75485 ,  0.056028, 274.19 , 93.3305 , 2699999 , 76.494  273.33 , 90.00006
352.7577 , 3.6376 , 8.801738 , 333.568  13.75485 ,  0.056028, 274.19 , 93.3305 , 2699999 , 76.494  273.33 , 90.00006
353.432 , 35997 , 8.756256 , 336.883 ,0.59669 , 5.48524 , 2 74.198 ,93.33005, 269.999 , 276494 , 23.33 , 90.00006   
353.432 , 35997 , 8.756256 , 336.883 ,0.59669 , 5.48524 , 2 74.198 ,93.33005, 269.999 , 276494 , 23.33 , 90.00006   
354.0885 , 3.997 , 8.756256 , 339.8366 13.19614 , 5764838 ,  274.198, 93.3305 , 269.999 , 26.494 ,273.33 , 90.00006 
354.6795 , 3.997 , 8.756256 , 342.41 ,0.13988 , 5.98151 , 2 74.198 ,93.33005, 269.999 , 276494 , 23.33 , 90.00006   
354.6795 , 3.997 , 8.756256 , 342.41 ,0.13988 , 5.98151 , 2 74.198 ,93.33005, 269.999 , 276494 , 23.33 , 90.00006   
355.2114 , 3.997 , 8.756257 , 344.6724 13.09621 , 6110715 ,  274.198, 93.3305 , 269.999 , 26.494 ,273.33 , 90.00006 
355.6902 , 3.997 , 8.756256 , 346.6595 13.06227 , 6255385 ,  274.198, 93.3305 , 269.999 , 26.494 ,273.33 , 90.00006 
355.6902 , 3.997 , 8.756256 , 346.6595 13.06227 , 6255385 ,  274.198, 93.3305 , 269.999 , 26.494 ,273.33 , 90.00006 
356.1211 , 3.997 , 8.756256 , 348.4034 13.03587 , 6384474 ,  274.198, 93.3305 , 269.999 , 26.494 ,273.33 , 90.00006 
356.5089 , 3.997 , 8.756256 , 349.9324 13.01532 , 6499895 ,  274.198, 93.3305 , 269.999 , 26.494 ,273.33 , 90.00006 
356.5089 , 3.997 , 8.756256 , 349.9324 13.01532 , 6499895 ,  274.198, 93.3305 , 269.999 , 26.494 ,273.33 , 90.00006 
356.858 , 35997 , 8.756256 , 351.2721  2.99934 , 6.03255 ,  274.198 93.33005 , 269.999 , 27.494 , 73.33 , 90.00006  
357.1721 , 3.997 , 8.756256 , 352.4447 12.98692 , 6695927 ,  274.198, 93.3305 , 269.999 , 26.494 ,273.33 , 90.00006 
357.1721 , 3.997 , 8.756256 , 352.4447 12.98692 , 6695927 ,  274.198, 93.3305 , 269.999 , 26.494 ,273.33 , 90.00006 
357.4549 , 3.997 , 8.756257 , 353.4703 12.97726 , 6779093 ,  274.198, 93.3305 , 269.999 , 26.494 ,273.33 , 90.00006 
357.4549 , 3.997 , 8.756257 , 353.4703 12.97726 , 6779093 ,  274.198, 93.3305 , 269.999 , 26.494 ,273.33 , 90.00006 
357.7094 , 3.997 , 8.756258 , 354.3664 12.96978 , 6853776 ,  274.198, 93.3305 , 269.999 , 26.494 ,273.33 , 90.00006 
357.9384 , 3.997 , 8.756258 , 355.1487 12.96397 , 692088 ,  274.198 93.33005 , 269.999 , 27.494 , 73.33 , 90.00006  
357.9384 , 3.997 , 8.756258 , 355.1487 12.96397 , 692088 ,  274.198 93.33005 , 269.999 , 27.494 , 73.33 , 90.00006  
358.1446 , 3.997 , 8.756257 , 355.8309 12.95948 , 6981198 ,  274.198, 93.3305 , 269.999 , 26.494 ,273.33 , 90.00006 
358.3301 , 3.997 , 8.756258 , 356.4252 12.95602 , 7035433 ,  274.198, 93.3305 , 269.999 , 26.494 ,273.33 , 90.00006 
358.3301 , 3.997 , 8.756258 , 356.4252 12.95602 , 7035433 ,  274.198, 93.3305 , 269.999 , 26.494 ,273.33 , 90.00006 
358.4971 , 3.997 , 8.756258 , 356.9423 12.95335 , 7084209 ,  274.198, 93.3305 , 269.999 , 26.494 ,273.33 , 90.00006 
358.6474 , 3.997 , 8.756258 , 357.3918 12.9513 , 7.28084 ,  274.198 93.33005 , 269.999 , 27.494 , 73.33 , 90.00006  
358.6474 , 3.997 , 8.756258 , 357.3918 12.9513 , 7.28084 ,  274.198 93.33005 , 269.999 , 27.494 , 73.33 , 90.00006  
358.7827 , 3.997 , 8.756258 , 357.782  2.94973 , 7.67553 ,  274.198 93.33005 , 269.999 , 27.494 , 73.33 , 90.00006  
358.9044 , 3.997 , 8.756257 , 357.8984 12.94839 , 7203073 ,  274.198, 93.3305 , 269.999 , 26.494 ,273.33 , 90.00006 
358.9044 , 3.997 , 8.756257 , 358.1086 12.94839 , 7203074 ,  274.198, 93.3305 , 269.999 , 26.494 ,273.33 , 90.00006 
359.0139 , 3.997 , 8.756257 , 358.3921 12.94736 , 7235033 ,  274.198, 93.3305 , 269.999 , 26.494 ,273.33 , 90.00006 
359.0139 , 3.997 , 8.756257 , 358.3921 12.94736 , 7235033 ,  274.198, 93.3305 , 269.999 , 26.494 ,273.33 , 90.00006 
359.1125 , 3.997 , 8.756257 , 358.6377 12.94658 , 726379 ,  274.198 93.33005 , 269.999 , 27.494 , 73.33 , 90.00006  
359.2013 , 3.997 , 8.756257 , 358.8503 12.94598 , 7289668 ,  274.198, 93.3305 , 269.999 , 26.494 ,273.33 , 90.00006 
359.2013 , 3.997 , 8.756257 , 358.8503 12.94598 , 7289668 ,  274.198, 93.3305 , 269.999 , 26.494 ,273.33 , 90.00006 
359.2812 , 3.997 , 8.756258 , 359.0341 12.94553 , 7312955 ,  274.198, 93.3305 , 269.999 , 26.494 ,273.33 , 90.00006 
359.3531 , 3.997 , 8.756258 , 359.1028 12.94519 , 7333915 ,  274.198, 93.3305 , 269.999 , 26.494 ,273.33 , 90.00006 
359.3531 , 3.997 , 8.756258 , 359.1926 12.94519 , 7333916 ,  274.198, 93.3305 , 269.999 , 26.494 ,273.33 , 90.00006 
359.4178 , 3.997 , 8.756259 , 359.329  2.94494 , 7.52776 ,  274.198 93.33005 , 269.999 , 27.494 , 73.33 , 90.00006  
359.4178 , 3.997 , 8.756259 , 359.329  2.94494 , 7.52776 ,  274.198 93.33005 , 269.999 , 27.494 , 73.33 , 90.00006  
359.476 , 35997 , 8.756258 , 359.4518  2.94477 , 7.69749 ,  274.198 93.33005 , 269.999 , 27.494 , 73.33 , 90.00006  
359.1264 , 3.9282 , 8.757157 , 359.172 12.87714 , 7268707 ,  274.198, 93.3305 , 269.999 , 26.494 ,273.33 , 90.00006 
359.1264 , 3.9282 , 8.757157 , 359.172 12.87714 , 7268707 ,  274.198, 93.3305 , 269.999 , 26.494 ,273.33 , 90.00006 
358.715 , 358428 , 8.758872 , 358.8607 12.79373 , 7150389 ,  274.198, 93.3305 , 269.999 , 26.494 ,273.33 , 90.00006 
358.212 , 357346 , 8.761961 , 358.4926 12.68881 , 7006634 ,  274.198, 93.3305 , 269.999 , 26.494 ,273.33 , 90.00006 
358.212 , 357346 , 8.761961 , 358.4926 12.68881 , 7006634 ,  274.198, 93.3305 , 269.999 , 26.494 ,273.33 , 90.00006 
358.3908 , 3.7346 , 8.761961 , 359.060  12.73667 ,  0.057812, 274.19 , 93.3305 , 2699999 , 76.494  273.33 , 90.00006
358.5517 , 3.7346 , 8.761961 , 359.619 12.78638 , 7104354 ,  274.198, 93.3305 , 269.999 , 26.494 ,273.33 , 90.00006 
358.5517 , 3.7346 , 8.761961 , 359.619 12.78638 , 7104354 ,  274.198, 93.3305 , 269.999 , 26.494 ,273.33 , 90.00006 
358.6965 , 3.7346 , 8.761961 , 359.795  12.78618 ,  0.146822, 274.19 , 93.3305 , 2699999 , 76.494  273.33 , 90.00006
358.8269 , 3.7346 , 8.76196 , 359.6687 12.74803 , 7185199 ,  274.198, 93.3305 , 269.999 , 26.494 ,273.33 , 90.00006 
358.8269 , 3.7346 , 8.76196 , 359.6687 12.74803 , 7185199 ,  274.198, 93.3305 , 269.999 , 26.494 ,273.33 , 90.00006 
357.2955 , 3.5359 , 8.768185 , 357.187  12.43765 ,  0.747736, 274.19 , 93.3305 , 2699999 , 76.494  273.33 , 90.00006
354.085 , 350888 , 8.800399 , 352.7199 11.87823 , 5862207 ,  274.198, 93.3305 , 269.999 , 26.494 ,273.33 , 90.00006 
354.085 , 350888 , 8.800399 , 352.7199 11.87823 , 5862207 ,  274.198, 93.3305 , 269.999 , 26.494 ,273.33 , 90.00006 
349.6139 , 3.4236 , 8.893314 , 347.198  11.32655 , .65574 ,  274.198, 93.3305 , 269.999 , 26.494 ,273.33 , 90.00006 
343.9263 , 3.5648 , 9.08698 , 340.5375 10.43834 , 3266953 ,  274.198, 93.3305 , 269.999 , 26.494 ,273.33 , 90.00006 
343.9263 , 3.5648 , 9.08698 , 340.5375 10.43834 , 3266953 ,  274.198, 93.3305 , 269.999 , 26.494 ,273.33 , 90.00006 
337.6039 , 3.4727 , 9.447291 , 333.532  9.082308 ,  0.046975, 274.19 , 93.3305 , 2699999 , 76.494  273.33 , 90.00006
330.5099 , 3.0357 , 10.0817 , 325.9779  8.81567 , 0  2589245, 274.19 , 93.3305 , 2699999 , 76.494  273.33 , 90.00006
330.5099 , 3.0357 , 10.0817 , 325.9779  8.81567 , 0  2589245, 274.19 , 93.3305 , 2699999 , 76.494  273.33 , 90.00006
323.932 , 346525 , 10.82896 , 320.0544 9.606721 , 37.9748 ,  274.198, 93.3305 , 269.999 , 26.494 ,273.33 , 90.00006 
319.0168 , 3.4069 , 11.60551 , 316.195   9.83517 ,   56.4483, 274.19 , 93.3305 , 2699999 , 76.494  273.33 , 90.00006
319.0168 , 3.4069 , 11.60551 , 316.195   9.83517 ,   56.4483, 274.19 , 93.3305 , 2699999 , 76.494  273.33 , 90.00006
314.4012 , 3.9888 , 12.58048 , 307.127  10.05101 ,   54.4107, 274.19 , 93.3305 , 2699999 , 76.494  273.33 , 90.00006
310.2809 , 3.4726 , 13.70408 , 299.884  11.17385 ,   51.9156, 274.19 , 93.3305 , 2699999 , 76.494  273.33 , 90.00006
310.2809 , 3.4726 , 13.70408 , 299.884  11.17385 ,   51.9156, 274.19 , 93.3305 , 2699999 , 76.494  273.33 , 90.00006
306.6527 , 3.9125 , 14.92766 , 293.696  12.32277 ,   49.6109, 274.19 , 93.3305 , 2699999 , 76.494  273.33 , 90.00006
306.6527 , 3.9125 , 14.92766 , 293.696  12.32277 ,   49.6109, 274.19 , 93.3305 , 2699999 , 76.494  273.33 , 90.00006
303.4054 , 3.2278 , 16.30948 , 288.485 14.05128 , 36.9501 ,  274.198, 93.3305 , 269.999 , 26.494 ,273.33 , 90.00006 
300.8447 , 3.6461 , 17.65063 , 284.374  16.3638 , 34.0278 ,  274.198, 93.3305 , 269.999 , 26.494 ,273.33 , 90.00006 
300.8447 , 3.6461 , 17.65063 , 284.374  16.3638 , 34.0278 ,  274.198, 93.3305 , 269.999 , 26.494 ,273.33 , 90.00006 
298.7618 , 3.137 , 18.96154 , 281.1559 19.14868 , 30.7365 ,  274.198, 93.3305 , 269.999 , 26.494 ,273.33 , 90.00006 
297.1003 , 3.746 , 20.19155 , 279.5404  22.6643 , 36.8579 ,  274.198, 93.3305 , 269.999 , 26.494 ,273.33 , 90.00006 
297.1003 , 3.746 , 20.19155 , 278.5872 22.68358 , 36.8811 ,  274.198, 93.3305 , 269.999 , 26.494 ,273.33 , 90.00006 
295.6457 , 3.3699 , 21.42528 , 276.485  27.61388 ,   31.7051, 274.19 , 93.3305 , 2699999 , 76.494  273.33 , 90.00006
295.6457 , 3.3699 , 21.42528 , 276.485  27.61388 ,   31.7051, 274.19 , 93.3305 , 2699999 , 76.494  273.33 , 90.00006
294.1155 , 3.7757 , 22.8723 , 274.6167  36.6409 , 32.4504 ,  274.198, 93.3305 , 269.999 , 26.494 ,273.33 , 90.00006 
292.5852 , 3.9296 , 24.56821 , 273.430  57.37207 ,    1.5162, 274.19 , 93.3305 , 2699999 , 76.494  273.33 , 90.00006
292.5852 , 3.9296 , 24.56821 , 273.430  57.37207 ,    1.5162, 274.19 , 93.3305 , 2699999 , 76.494  273.33 , 90.00006
291.0375 , 3.7698 , 26.57439 , 272.923  87.29055 ,   71.4008, 274.19 , 93.3305 , 2699999 , 76.494  273.33 , 90.00006
289.8301 , 3.7833 , 28.43675 , 273.209 112.318 , 24.0973 ,  274.198 93.33005 , 269.999 , 27.494 , 73.33 , 90.00006  
289.8301 , 3.7833 , 28.43675 , 273.213  109.8502 ,   48.7184, 274.19 , 93.3305 , 2699999 , 76.494  273.33 , 90.00006
289.0995 , 3.3609 , 29.77836 , 273.549  119.3319 ,   39.2103, 274.19 , 93.3305 , 2699999 , 76.494  273.33 , 90.00006
288.7458 , 3.1752 , 32.79705 , 273.579  135.7636 ,   22.4167, 274.19 , 93.3305 , 2699999 , 76.494  273.33 , 90.00006
288.7458 , 3.1752 , 32.79705 , 273.477  131.4122 ,   26.9411, 274.19 , 93.3305 , 2699999 , 76.494  273.33 , 90.00006
288.3619 , 3.147 , 35.67231 , 273.6136 143.7125 , 24.4681 ,  274.198, 93.3305 , 269.999 , 26.494 ,273.33 , 90.00006 
288.3619 , 3.147 , 35.67231 , 273.6136 143.7125 , 24.4681 ,  274.198, 93.3305 , 269.999 , 26.494 ,273.33 , 90.00006 
285.9478 , 3.5843 , 37.47181 , 275.848  145.5244 , 12.972 ,  274.198, 93.3305 , 269.999 , 26.494 ,273.33 , 90.00006 
283.8574 , 3.1122 , 39.1785 , 277.5373 145.4753 , 23.3232 ,  274.198, 93.3305 , 269.999 , 26.494 ,273.33 , 90.00006 
283.8574 , 3.1122 , 39.1785 , 277.5373 145.4753 , 23.3232 ,  274.198, 93.3305 , 269.999 , 26.494 ,273.33 , 90.00006 
282.0697 , 3.65 , 40.86554 , 278.7585  44.9815 , 21.0916 ,  274.198 93.33005 , 269.999 , 27.494 , 73.33 , 90.00006  
280.5672 , 3.3536 , 42.37754 , 279.261  145.5135 ,   13.8132, 274.19 , 93.3305 , 2699999 , 76.494  273.33 , 90.00006
280.5672 , 3.3536 , 42.37754 , 279.261  145.5135 ,   13.8132, 274.19 , 93.3305 , 2699999 , 76.494  273.33 , 90.00006
279.5117 , 3.4645 , 42.48847 , 279.275  144.8277 ,   14.7736, 274.19 , 93.3305 , 2699999 , 76.494  273.33 , 90.00006
278.5614 , 3.5645 , 42.58852 , 279.195  144.2567 ,   15.5701, 274.19 , 93.3305 , 2699999 , 76.494  273.33 , 90.00006
278.5614 , 3.5645 , 42.58852 , 279.195  144.2567 ,   15.5701, 274.19 , 93.3305 , 2699999 , 76.494  273.33 , 90.00006
277.706 , 316547 , 42.67868 , 279.0403 143.7702 , 26.2402 ,  274.198, 93.3305 , 269.999 , 26.494 ,273.33 , 90.00006 
276.9358 , 3.7361 , 42.76002 , 279.804  143.3587 ,   16.8215, 274.19 , 93.3305 , 2699999 , 76.494  273.33 , 90.00006
276.9358 , 3.7361 , 42.76002 , 278.825 143.3479 , 26.8106 ,  274.198, 93.3305 , 269.999 , 26.494 ,273.33 , 90.00006 
276.2426 , 3.8095 , 42.83337 , 278.563 142.9754 , 27.3009 ,  274.198, 93.3305 , 269.999 , 26.494 ,273.33 , 90.00006 
276.2426 , 3.8095 , 42.83337 , 278.563 142.9754 , 27.3009 ,  274.198, 93.3305 , 269.999 , 26.494 ,273.33 , 90.00006 
275.6186 , 3.8757 , 42.89957 , 278.327  142.6048 ,   17.7773, 274.19 , 93.3305 , 2699999 , 76.494  273.33 , 90.00006
275.057 , 319355 , 42.95927 , 278.054  42.2761 , 21.1874 ,  274.198 93.33005 , 269.999 , 27.494 , 73.33 , 90.00006  
275.057 , 319355 , 42.95927 , 278.054  42.2761 , 21.1874 ,  274.198 93.33005 , 269.999 , 27.494 , 73.33 , 90.00006  
274.5514 , 3.9893 , 43.01322 , 277.752  141.9813 ,   18.5433, 274.19 , 93.3305 , 2699999 , 76.494  273.33 , 90.00006
274.0963 , 3.0379 , 43.06189 , 277.430  141.7143 ,   18.8542, 274.19 , 93.3305 , 2699999 , 76.494  273.33 , 90.00006
274.0963 , 3.0379 , 43.06189 , 277.430  141.7143 ,   18.8542, 274.19 , 93.3305 , 2699999 , 76.494  273.33 , 90.00006
273.6867 , 3.0818 , 43.10579 , 277.095  141.4706 ,   19.1276, 274.19 , 93.3305 , 2699999 , 76.494  273.33 , 90.00006
273.3181 , 3.1214 , 43.14537 , 276.753  141.2468 ,   19.3693, 274.19 , 93.3305 , 2699999 , 76.494  273.33 , 90.00006
273.3181 , 3.1214 , 43.14537 , 276.753  141.2468 ,   19.3693, 274.19 , 93.3305 , 2699999 , 76.494  273.33 , 90.00006
272.9863 , 3.1572 , 43.18103 , 276.409    141401 ,   19.5842, 274.19 , 93.3305 , 2699999 , 76.494  273.33 , 90.00006
272.6877 , 3.1895 , 43.21333 , 276.066  140.8484 ,   19.7761, 274.19 , 93.3305 , 2699999 , 76.494  273.33 , 90.00006
272.6877 , 3.1895 , 43.21333 , 276.066  140.8484 ,   19.7761, 274.19 , 93.3305 , 2699999 , 76.494  273.33 , 90.00006
272.419 , 312185 , 43.24246 , 275.7281 140.6701 , 29.9483 ,  274.198, 93.3305 , 269.999 , 26.494 ,273.33 , 90.00006 
272.1769 , 3.245 , 43.2686 , 275.3966  40.5036 , 22.1037 ,  274.198 93.33005 , 269.999 , 27.494 , 73.33 , 90.00006  
272.1769 , 3.245 , 43.2686 , 275.3966  40.5036 , 22.1037 ,  274.198 93.33005 , 269.999 , 27.494 , 73.33 , 90.00006  
271.9592 , 3.2686 , 43.29237 , 275.074  140.3477 ,   20.2443, 274.19 , 93.3305 , 2699999 , 76.494  273.33 , 90.00006
271.7635 , 3.2901 , 43.31372 , 274.762  140.2015 ,   20.3721, 274.19 , 93.3305 , 2699999 , 76.494  273.33 , 90.00006
271.7635 , 3.2901 , 43.31372 , 274.762  140.2015 ,   20.3721, 274.19 , 93.3305 , 2699999 , 76.494  273.33 , 90.00006
271.587 , 313094 , 43.33303 , 274.4623 140.0641 , 20.4889 ,  274.198, 93.3305 , 269.999 , 26.494 ,273.33 , 90.00006 
271.4285 , 3.3267 , 43.35057 , 274.174  139.9349 ,   20.5959, 274.19 , 93.3305 , 2699999 , 76.494  273.33 , 90.00006
271.4285 , 3.3267 , 43.35057 , 274.174  139.9349 ,   20.5959, 274.19 , 93.3305 , 2699999 , 76.494  273.33 , 90.00006
271.2856 , 3.3425 , 43.36629 , 273.899  139.8131 ,   20.6944, 274.19 , 93.3305 , 2699999 , 76.494  273.33 , 90.00006
271.1571 , 3.3564 , 43.3807 , 274.0282 139.7351 , 20.801 ,  274.198 93.33005 , 269.999 , 27.494 , 73.33 , 90.00006  
271.1571 , 3.3564 , 43.3807 , 273.6255  139.773 , 20.7732 ,  274.198, 93.3305 , 269.999 , 26.494 ,273.33 , 90.00006 
271.041 , 313696 , 43.39323 , 273.3669  139.669 , 20.847 ,  274.198 93.33005 , 269.999 , 27.494 , 73.33 , 90.00006  
270.9369 , 3.381 , 43.40496 , 273.4707 139.5361 , 20.941 ,  274.198 93.33005 , 269.999 , 27.494 , 73.33 , 90.00006  
270.9369 , 3.381 , 43.40496 , 273.1238 139.5114 , 20.9164 ,  274.198, 93.3305 , 269.999 , 26.494 ,273.33 , 90.00006 
270.8435 , 3.3915 , 43.41531 , 272.895  139.4208 ,   20.9815, 274.19 , 93.3305 , 2699999 , 76.494  273.33 , 90.00006
270.7587 , 3.4011 , 43.42452 , 272.98  39.3563 , 22.0649 ,  274.198 93.33005 , 269.999 , 27.494 , 73.33 , 90.00006  
270.7587 , 3.4011 , 43.42452 , 272.682 139.3346 , 21.043 ,  274.198 93.33005 , 269.999 , 27.494 , 73.33 , 90.00006  
270.683 , 3141 , 43.43273 , 272.4821 , 9.2527 , 2211012 , 2 74.198 ,93.33005, 269.999 , 276494 , 23.33 , 90.00006   
270.683 , 3141 , 43.43273 , 272.4821 , 9.2527 , 2211012 , 2 74.198 ,93.33005, 269.999 , 276494 , 23.33 , 90.00006   
270.6145 , 3.4175 , 43.44057 , 272.295  139.1746 ,   21.1565, 274.19 , 93.3305 , 2699999 , 76.494  273.33 , 90.00006
270.5536 , 3.424 , 43.4479 , 272.121 , 9.1005 , 2212088 , 2 74.198 ,93.33005, 269.999 , 276494 , 23.33 , 90.00006   
270.5536 , 3.424 , 43.4479 , 272.121 , 9.1005 , 2212088 , 2 74.198 ,93.33005, 269.999 , 276494 , 23.33 , 90.00006   
270.4977 , 3.4304 , 43.45384 , 271.958    139299 ,   21.2588, 274.19 , 93.3305 , 2699999 , 76.494  273.33 , 90.00006
270.4476 , 3.4358 , 43.4597 , 271.8076 138.9627 , 21.3062 ,  274.198, 93.3305 , 269.999 , 26.494 ,273.33 , 90.00006 
270.4476 , 3.4358 , 43.4597 , 271.8076 138.9627 , 21.3062 ,  274.198, 93.3305 , 269.999 , 26.494 ,273.33 , 90.00006 
270.403 , 314414 , 43.46428 , 271.6671 138.8983 , 21.3521 ,  274.198, 93.3305 , 269.999 , 26.494 ,273.33 , 90.00006 
270.3626 , 3.4463 , 43.46872 , 271.707  138.8503 ,   21.4092, 274.19 , 93.3305 , 2699999 , 76.494  273.33 , 90.00006
270.3626 , 3.4463 , 43.46872 , 271.536  138.8371 ,   21.3957, 274.19 , 93.3305 , 2699999 , 76.494  273.33 , 90.00006
270.3257 , 3.4507 , 43.47269 , 271.415  138.7787 ,   21.4374, 274.19 , 93.3305 , 2699999 , 76.494  273.33 , 90.00006
270.2928 , 3.4532 , 43.47758 , 271.448  138.7346 , 21.489 ,  274.198, 93.3305 , 269.999 , 26.494 ,273.33 , 90.00006 
270.2928 , 3.4532 , 43.47758 , 271.303  138.723 , 21.4776 ,  274.198, 93.3305 , 269.999 , 26.494 ,273.33 , 90.00006 
270.2632 , 3.4568 , 43.48058 , 271.202  138.6651 ,   21.5214, 274.19 , 93.3305 , 2699999 , 76.494  273.33 , 90.00006
270.2632 , 3.4568 , 43.48058 , 271.202  138.6651 ,   21.5214, 274.19 , 93.3305 , 2699999 , 76.494  273.33 , 90.00006
270.2382 , 3.4596 , 43.48418 , 271.108  138.6098 ,   21.5636, 274.19 , 93.3305 , 2699999 , 76.494  273.33 , 90.00006
270.214 , 314626 , 43.48675 , 271.0215 138.557 , 22.6042 ,  274.198 93.33005 , 269.999 , 27.494 , 73.33 , 90.00006  
270.214 , 314626 , 43.48675 , 271.0215 138.557 , 22.6042 ,  274.198 93.33005 , 269.999 , 27.494 , 73.33 , 90.00006  
270.1928 , 3.4647 , 43.4895 , 270.9409  138.563 , 21.643 ,  274.198 93.33005 , 269.999 , 27.494 , 73.33 , 90.00006  
270.1725 , 3.4675 , 43.49128 , 270.865  138.4585 ,   21.6798, 274.19 , 93.3305 , 2699999 , 76.494  273.33 , 90.00006
270.1725 , 3.4675 , 43.49128 , 270.865  138.4585 ,   21.6798, 274.19 , 93.3305 , 2699999 , 76.494  273.33 , 90.00006
270.157 , 314701 , 43.49213 , 270.7965 138.4124 , 21.7158 ,  274.198, 93.3305 , 269.999 , 26.494 ,273.33 , 90.00006 
270.1399 , 3.4727 , 43.49324 , 270.731  138.3722 , 21.746 ,  274.198, 93.3305 , 269.999 , 26.494 ,273.33 , 90.00006 
270.1399 , 3.4727 , 43.49324 , 270.731  138.3722 , 21.746 ,  274.198, 93.3305 , 269.999 , 26.494 ,273.33 , 90.00006 
270.1251 , 3.4748 , 43.49433 , 270.67  38.3328 , 22.7761 ,  274.198 93.33005 , 269.999 , 27.494 , 73.33 , 90.00006  
270.1119 , 3.8942 , 0 , 270.6142 , 13855 , 2    ### , 274.1 98 , 93.3005 , 29.9999 ,276.494, 273.3 , 90.00006       
270.1119 , 3.8942 , 0 , 270.6142 , 13855 , 2    ### , 274.1 98 , 93.3005 , 29.9999 ,276.494, 273.3 , 90.00006       
270.1009 , 3.9047 , 0 , 270.563 , 138.3 , 22 1.8323, 274.19 8 , 93.3005 , 26.9999 , 76.494  273.33, 90.00006        
270.0906 , 3.9141 , 0 , 270.5162 , 13855 , 2    ### , 274.1 98 , 93.3005 , 29.9999 ,276.494, 273.3 , 90.00006       
270.0906 , 3.9141 , 0 , 270.5162 , 13855 , 2    ### , 274.1 98 , 93.3005 , 29.9999 ,276.494, 273.3 , 90.00006       
270.0791 , 3.9227 , 0 , 270.4727 , 13827 , 2    ### , 274.1 98 , 93.3005 , 29.9999 ,276.494, 273.3 , 90.00006       
270.074 , 359304 , 0 , 270.4813 , 138.4 , 22 1.9149, 274.19 8 , 93.3005 , 26.9999 , 76.494  273.33, 90.00006        
270.074 , 359304 , 0 , 270.4321 , 138.8 , 22 1.9101, 274.19 8 , 93.3005 , 26.9999 , 76.494  273.33, 90.00006        
270.0656 , 3.9373 , 0 , 270.3961 , 1382 , 22 1.9343, 274.19 8 , 93.3005 , 26.9999 , 76.494  273.33, 90.00006        
270.056 , 359435 , 0 , 270.4035 , 138.9 , 22 1.9611, 274.19 8 , 93.3005 , 26.9999 , 76.494  273.33, 90.00006        
270.056 , 359435 , 0 , 270.3621 , 138.3 , 22 1.9577, 274.19 8 , 93.3005 , 26.9999 , 76.494  273.33, 90.00006        
270.0523 , 3.9491 , 0 , 270.331 , 138.7 , 22 1.98 ,  274.198, 93.3305 , 269.999 , 27.494 , 73.33 ,          90.00006
270.0485 , 3.9542 , 0 , 270.3363 , 13809 , 2    ### , 274.1 98 , 93.3005 , 29.9999 ,276.494, 273.3 , 90.00006       
270.0485 , 3.9542 , 0 , 270.3033 , 13876 , 2    ### , 274.1 98 , 93.3005 , 29.9999 ,276.494, 273.3 , 90.00006       
270.0343 , 3.9587 , 0 , 270.2776 , 13824 , 2    ### , 274.1 98 , 93.3005 , 29.9999 ,276.494, 273.3 , 90.00006       
270.0343 , 3.9587 , 0 , 270.2776 , 13824 , 2    ### , 274.1 98 , 93.3005 , 29.9999 ,276.494, 273.3 , 90.00006       
270.0343 , 3.9628 , 0 , 270.2526 , 13757 , 2    ### , 274.1 98 , 93.3005 , 29.9999 ,276.494, 273.3 , 90.00006       
270.0839 , 3.9666 , 0 , 270.2805 , 33.54 , 3    ### , 274.1 98 , 93.3005 , 29.9999 ,276.494, 273.3 , 90.00006       
270.0839 , 3.9666 , 0 , 270.2805 , 33.54 , 3    ### , 274.1 98 , 93.3005 , 29.9999 ,276.494, 273.3 , 90.00006       
271.258 , 0.37834 , 359.438 , 271.8545 5.501715 , 34.5351 ,  274.198, 93.3305 , 269.999 , 26.494 ,273.33 , 90.00006 
273.423 , 1.768 , 358.9853 , 274.2648 0.807215 , 35.2212 ,  274.198 93.33005 , 269.999 , 27.494 , 73.33 , 90.00006  
273.423 , 1.768 , 358.9853 , 274.2648 0.807215 , 35.2212 ,  274.198 93.33005 , 269.999 , 27.494 , 73.33 , 90.00006  
276.8025 , 127482 , 358.9674 , 277.573  0.9220424 , 359.0969 , 274.18 , 93.3005 , 26.9999 ,276.494, 273.33 , 90.0000
281.4922 , 0338411 , 359.0627 , 281.88, 0.90 28111    359.115 , 274.98 , 93.3005 , 29.9999 276.494 , 273.33 , 90.000
281.4922 , 0338411 , 359.0627 , 281.88, 0.90 28111    359.115 , 274.98 , 93.3005 , 29.9999 276.494 , 273.33 , 90.000
287.0682 , 0843888 , 359.1143 , 286.30, 0.92 62131    359.098 , 274.98 , 93.3005 , 29.9999 276.494 , 273.33 , 90.000
293.3425 , 0969596 , 359.2 , 290.9829 0.8889524 , 39.131 ,  274.198 93.33005 , 269.999 , 27.494 , 73.33 , 90.00006  
293.3425 , 0969596 , 359.2 , 290.9829 0.8889524 , 39.131 ,  274.198 93.33005 , 269.999 , 27.494 , 73.33 , 90.00006  
300.2145 , 0070392 , 359.2834 , 295.76, 0.83 49301   359.1865 , 274.98 , 93.3005 , 29.9999 276.494 , 273.33 , 90.000
307.5148 , 0575014 , 359.4078 , 300.50, 0.69 98757   359.3071 , 274.98 , 93.3005 , 29.9999 276.494 , 273.33 , 90.000
307.5148 , 0575014 , 359.4078 , 300.50, 0.69 98757   359.3071 , 274.98 , 93.3005 , 29.9999 276.494 , 273.33 , 90.000
315.0725 , 0996839 , 359.4538 , 305.04, 1.39 9783 , 358.7526 , 274.18 , 93.3005 , 26.9999 ,276.494, 273.33 , 90.0000
322.1177 , 0148016 , 359.51 , 312.1035 2.06114 , 35.3232 ,  274.198 93.33005 , 269.999 , 27.494 , 73.33 , 90.00006  
322.1177 , 0148016 , 359.51 , 312.1035 2.06114 , 35.3232 ,  274.198 93.33005 , 269.999 , 27.494 , 73.33 , 90.00006  
329.1706 , 0447398 , 359.5497 , 319.15  1.794778 ,   58.6353, 274.19 , 93.3305 , 2699999 , 76.494  273.33 , 90.00006
335.7119 , 041085 , 359.5952 , 325.404   2.17094 ,   58.5388, 274.19 , 93.3305 , 2699999 , 76.494  273.33 , 90.00006
335.7119 , 041085 , 359.5952 , 325.404   2.17094 ,   58.5388, 274.19 , 93.3305 , 2699999 , 76.494  273.33 , 90.00006
341.5452 , 0977139 , 359.6111 , 330.92, 2.01 3347 , 358.7759 , 274.18 , 93.3005 , 26.9999 ,276.494, 273.33 , 90.0000
346.3686 , 0640596 , 359.6204 , 335.36, 1.91 0395 ,358.95 ,  274.198, 93.3305 , 269.999 , 26.494 ,273.33 , 90.00006 
346.3686 , 0640596 , 359.6204 , 335.36, 1.91 0395 ,358.95 ,  274.198, 93.3305 , 269.999 , 26.494 ,273.33 , 90.00006 
349.7125 , 0928247 , 359.6158 , 338.70, 1.83 5643 , 359.0771 , 274.18 , 93.3005 , 26.9999 ,276.494, 273.33 , 90.0000
351.9397 , 0777474 , 359.6183 , 340.93  1.796775 ,   59.1471, 274.19 , 93.3305 , 2699999 , 76.494  273.33 , 90.00006
351.9397 , 0777474 , 359.6183 , 340.41, 1.26 8194 , 359.3242 , 274.18 , 93.3005 , 26.9999 ,276.494, 273.33 , 90.0000
352.9561 , 0709241 , 359.6192 , 343.00, 0.62 07075    359.556 , 274.98 , 93.3005 , 29.9999 276.494 , 273.33 , 90.000
352.9561 , 0709241 , 359.6192 , 343.00, 0.62 07075    359.556 , 274.98 , 93.3005 , 29.9999 276.494 , 273.33 , 90.000
353.6602 , 0709241 , 359.6192 , 345.05, 0.22 99114   359.713 , 274.18 , 93.3005 , 26.9999 ,276.494, 273.33 , 90.0000
354.2939 , 0709241 , 359.6192 , 346.85, 0.22 15906   359.7919 , 274.98 , 93.3005 , 29.9999 276.494 , 273.33 , 90.000
354.2939 , 0709241 , 359.6192 , 346.85, 0.22 15906   359.7919 , 274.98 , 93.3005 , 29.9999 276.494 , 273.33 , 90.000
354.8643 , 0709242 , 359.6192 , 348.67, 0.22 14755   359.7924 , 274.98 , 93.3005 , 29.9999 276.494 , 273.33 , 90.000
355.3778 , 0709242 , 359.6192 , 350.27, 0.22 13872   359.7929 , 274.98 , 93.3005 , 29.9999 276.494 , 273.33 , 90.000
355.3778 , 0709242 , 359.6192 , 350.27, 0.22 13872   359.7929 , 274.98 , 93.3005 , 29.9999 276.494 , 273.33 , 90.000
355.8399 , 0709242 , 359.6192 , 351.65, 0.22 13191   359.7933 , 274.98 , 93.3005 , 29.9999 276.494 , 273.33 , 90.000
355.8497 , 0739334 , 359.6189 , 352.50, 0.22 43442   359.7931 , 274.98 , 93.3005 , 29.9999 276.494 , 273.33 , 90.000
355.8497 , 0739334 , 359.6189 , 352.50, 0.22 43442   359.7931 , 274.98 , 93.3005 , 29.9999 276.494 , 273.33 , 90.000
356.2647 , 0739335 , 359.6189 , 353.62, 0.22 42978   359.7934 , 274.98 , 93.3005 , 29.9999 276.494 , 273.33 , 90.000
356.6382 , 0739335 , 359.6189 , 354.59, 0.22 42623   359.7938 , 274.98 , 93.3005 , 29.9999 276.494 , 273.33 , 90.000
356.6382 , 0739335 , 359.6189 , 354.59, 0.22 42623   359.7938 , 274.98 , 93.3005 , 29.9999 276.494 , 273.33 , 90.000
356.9743 , 0739336 , 359.6189 , 355.44, 0.22 42353   359.7941 , 274.98 , 93.3005 , 29.9999 276.494 , 273.33 , 90.000
357.2769 , 0739336 , 359.6189 , 355.74, 0.22 42149   359.7943 , 274.98 , 93.3005 , 29.9999 276.494 , 273.33 , 90.000
357.2769 , 0739336 , 359.6189 , 356.16, 0.22 42149   359.7943 , 274.98 , 93.3005 , 29.9999 276.494 , 273.33 , 90.000
357.5492 , 0739336 , 359.6189 , 356.79, 0.22 41995   359.7946 , 274.98 , 93.3005 , 29.9999 276.494 , 273.33 , 90.000
357.5492 , 0739336 , 359.6189 , 356.79, 0.22 41995   359.7946 , 274.98 , 93.3005 , 29.9999 276.494 , 273.33 , 90.000
357.7942 , 0739336 , 359.6189 , 357.33, 0.22 41879   359.7948 , 274.98 , 93.3005 , 29.9999 276.494 , 273.33 , 90.000
358.0148 , 0739337 , 359.6189 , 357.55  0.2241794 ,  359.795, 274.19 , 93.3305 , 2699999 , 76.494  273.33 , 90.00006
358.0148 , 0739337 , 359.6189 , 357.80, 0.22 41794   359.795 , 274.18 , 93.3005 , 26.9999 ,276.494, 273.33 , 90.0000
358.2133 , 0739337 , 359.6189 , 358.22, 0.22 41738   359.7951 , 274.98 , 93.3005 , 29.9999 276.494 , 273.33 , 90.000
358.2133 , 0739337 , 359.6189 , 358.22, 0.22 41738   359.7951 , 274.98 , 93.3005 , 29.9999 276.494 , 273.33 , 90.000
358.392 , 0.39337 , 359.6189 , 358.577  0.2241697 , 359.7953 , 274.18 , 93.3005 , 26.9999 ,276.494, 273.33 , 90.0000
358.5528 , 0739337 , 359.6189 , 358.88, 0.22 41667   359.7954 , 274.98 , 93.3005 , 29.9999 276.494 , 273.33 , 90.000
358.5528 , 0739337 , 359.6189 , 358.88, 0.22 41667   359.7954 , 274.98 , 93.3005 , 29.9999 276.494 , 273.33 , 90.000
358.6975 , 0739337 , 359.6189 , 359.13, 0.22 41647   359.7956 , 274.98 , 93.3005 , 29.9999 276.494 , 273.33 , 90.000
358.8277 , 0739337 , 359.6189 , 359.35, 0.22 41633   359.7957 , 274.98 , 93.3005 , 29.9999 276.494 , 273.33 , 90.000
358.8277 , 0739337 , 359.6189 , 359.35, 0.22 41633   359.7957 , 274.98 , 93.3005 , 29.9999 276.494 , 273.33 , 90.000
358.945 , 0.39337 , 359.6189 , 359.523  0.2241622 , 359.7958 , 274.18 , 93.3005 , 26.9999 ,276.494, 273.33 , 90.0000
359.0505 , 0739337 , 359.6189 , 359.62, 0.22 41615   359.7959 , 274.98 , 93.3005 , 29.9999 276.494 , 273.33 , 90.000
359.0505 , 0739337 , 359.6189 , 359.66, 0.22 41615   359.7959 , 274.98 , 93.3005 , 29.9999 276.494 , 273.33 , 90.000
359.1454 , 0739337 , 359.6189 , 359.78  0.2241611 ,  359.796, 274.19 , 93.3305 , 2699999 , 76.494  273.33 , 90.00006
359.2309 , 0739337 , 359.6189 , 359.87, 0.22 41609   359.796 , 274.18 , 93.3005 , 26.9999 ,276.494, 273.33 , 90.0000
359.2309 , 0739337 , 359.6189 , 359.88, 0.22 41609   359.796 , 274.18 , 93.3005 , 26.9999 ,276.494, 273.33 , 90.0000
359.3078 , 0739337 , 359.6189 , 359.96, 0.22 41608   359.7961 , 274.98 , 93.3005 , 29.9999 276.494 , 273.33 , 90.000
359.377 , 0.39337 , 359.6189 , 0.03351 , 0.2 241608, 359.79 61 , 274198 , 9333005 , 69.9999, 276.44 , 273.33 , 90.00
359.377 , 0.39337 , 359.6189 , 0.03016 , 0.2 241608, 359.79 61 , 274198 , 9333005 , 69.9999, 276.44 , 273.33 , 90.00
359.4393 , 0739337 , 359.6189 , 0.0832 , 0.2 241609, 359.79 62 , 274198 , 9333005 , 69.9999, 276.44 , 273.33 , 90.00
359.4393 , 0739337 , 359.6189 , 0.0832 , 0.2 241609, 359.79 62 , 274198 , 9333005 , 69.9999, 276.44 , 273.33 , 90.00
359.4954 , 0739337 , 359.6189 , 0.1253 , 0.2 24161   359.7963 , 274.98 , 93.3005 , 29.9999 276.494 , 273.33 , 90.000
359.5458 , 0739337 , 359.6189 , 0.1582 , 0.2 241611, 359.79 63 , 274198 , 9333005 , 69.9999, 276.44 , 273.33 , 90.00
359.5458 , 0739337 , 359.6189 , 0.1582 , 0.2 241611, 359.79 63 , 274198 , 9333005 , 69.9999, 276.44 , 273.33 , 90.00
359.5912 , 0739337 , 359.6189 , 0.1832 , 0.2 241612, 359.79 63 , 274198 , 9333005 , 69.9999, 276.44 , 273.33 , 90.00
359.6295 , 3.7397 , 359.622 , 0.204248  359.736 , 39.7957 ,  274.198, 93.3305 , 269.999 , 26.494 ,273.33 , 90.00006 
359.6295 , 3.7397 , 359.622 , 0.204248  359.736 , 39.7957 ,  274.198, 93.3305 , 269.999 , 26.494 ,273.33 , 90.00006 
359.6632 , 3.1728 , 359.6257 , 0.21852, 359. 1692 , 359.7964 , 274.18 , 93.3005 , 26.9999 ,276.494, 273.33 , 90.0000
359.6632 , 3.1728 , 359.6257 , 0.21852, 359. 1692 , 359.7964 , 274.18 , 93.3005 , 26.9999 ,276.494, 273.33 , 90.0000
359.6127 , 3.2062 , 359.6322 , 0.14715, 358. 2028 ,359.8 ,  274.198 93.33005 , 269.999 , 27.494 , 73.33 , 90.00006  
358.4958 , 3.0552 , 359.6885 , 359.018    356523 , 59.848 ,  274.198, 93.3305 , 269.999 , 26.494 ,273.33 , 90.00006 
358.4958 , 3.0552 , 359.6885 , 359.018    356523 , 59.848 ,  274.198, 93.3305 , 269.999 , 26.494 ,273.33 , 90.00006 
358.3277 , 3.7756 , 359.7838 , 359.436  352.7714 ,   59.9339, 274.19 , 93.3305 , 2699999 , 76.494  273.33 , 90.00006
358.1596 , 3.9031 , 359.9078 , 359.268  348.9014 , 0.05790326 , 274.98 , 93.3005 , 29.9999 276.494 , 273.33 , 90.000
358.1596 , 3.9031 , 359.9078 , 0.18470, 348. 8999 , 0.04359749 , 274198 , 9333005 , 69.9999, 276.44 , 273.33 , 90.00
357.9512 , 3.1169 , 0.07903311 , 1.045 , 344 .1211   0.1885879 , 274198 , 9333005 , 69.9999, 276.44 , 273.33 , 90.00
357.7546 , 3.144 , 0.2746574 , 0.84836, 339. 1588 , 0.3840689 , 274.98 , 93.3005 , 29.9999 276.494 , 273.33 , 90.000
357.7546 , 3.144 , 0.2746574 , 2.05209  339.1646 , 0.3542295 , 274.18 , 93.3005 , 26.9999 ,276.494, 273.33 , 90.0000
357.5786 , 3.2586 , 0.4825536 , 2.9642, 334. 304 , 0.5252121 , 274.18 , 93.3005 , 26.9999 ,276.494, 273.33 , 90.0000
357.4091 , 3.7203 , 0.6896448 , 2.7945, 329. 7851 , 0.7322035 , 274.98 , 93.3005 , 29.9999 276.494 , 273.33 , 90.000
357.4091 , 3.7203 , 0.6896448 , 3.8366, 329. 7977 , 0.6743234 , 274.98 , 93.3005 , 29.9999 276.494 , 273.33 , 90.000
357.2746 , 3.9041 , 0.872894 , 4.60273    326158 , 0.8198778 , 274.18 , 93.3005 , 26.9999 ,276.494, 273.33 , 90.0000
357.1813 , 3.7966 , 1.027135 , 4.50910  322.928 , 0974227 ,  274.198, 93.3305 , 269.999 , 26.494 ,273.33 , 90.00006 
357.1813 , 3.7966 , 1.027135 , 4.68177  322.9399 , 0.9752283 , 274.18 , 93.3005 , 26.9999 ,276.494, 273.33 , 90.0000
355.7025 , 3.734 , 1.25794 , 3.492225  19.9214 , 1.02922 ,  274.198 93.33005 , 269.999 , 27.494 , 73.33 , 90.00006  
355.645 , 3184 , 1.479482 , 3.433924 , 7.0575 , 1.44031 , 2 74.198 ,93.33005, 269.999 , 276494 , 23.33 , 90.00006   
355.645 , 3184 , 1.479482 , 3.607364 , 7.0454 , 1.34738 , 2 74.198 ,93.33005, 269.999 , 276494 , 23.33 , 90.00006   
355.592 , 319821 , 1.701146 , 3.932202 314.2411 , 1607565 ,  274.198, 93.3305 , 269.999 , 26.494 ,273.33 , 90.00006 
355.5401 , 3.8862 , 1.944579 , 3.87912  311.1807 ,  0.850581, 274.19 , 93.3305 , 2699999 , 76.494  273.33 , 90.00006
355.5401 , 3.8862 , 1.944579 , 4.57431  311.1927 ,  0.805642, 274.19 , 93.3305 , 2699999 , 76.494  273.33 , 90.00006
353.9878 , 3.5134 , 2.300757 , 3.69584  307.924 , 2070431 ,  274.198, 93.3305 , 269.999 , 26.494 ,273.33 , 90.00006 
352.2759 , 3.1328 , 2.758362 , 1.98063  304.5984 ,  0.512516, 274.19 , 93.3305 , 2699999 , 76.494  273.33 , 90.00006
352.2759 , 3.1328 , 2.758362 , 2.77857  304.6366 ,  0.439241, 274.19 , 93.3305 , 2699999 , 76.494  273.33 , 90.00006
350.3864 , 3.7171 , 3.332444 , 1.48877  301.3597 ,  0.868897, 274.19 , 93.3305 , 2699999 , 76.494  273.33 , 90.00006
348.6241 , 2.2594 , 3.818594 , 359.720  298.9954 ,  0.325706, 274.19 , 93.3305 , 2699999 , 76.494  273.33 , 90.00006
348.6241 , 2.2594 , 3.818594 , 359.731  298.9961 ,  0.838628, 274.19 , 93.3305 , 2699999 , 76.494  273.33 , 90.00006
347.0582 , 2.1378 , 4.294752 , 358.732    297085 ,  0.032548, 274.19 , 93.3305 , 2699999 , 76.494  273.33 , 90.00006
345.7997 , 2.3269 , 4.73985 , 357.4674 295.2885 , 3445269 ,  274.198, 93.3305 , 269.999 , 26.494 ,273.33 , 90.00006 
345.7997 , 2.3269 , 4.73985 , 358.0623 295.3364 , 33077 , 2 74.198 ,93.33005, 269.999 , 276494 , 23.33 , 90.00006   
344.6833 , 2.4973 , 5.224387 , 357.670  293.6754 ,  0.745275, 274.19 , 93.3305 , 2699999 , 76.494  273.33 , 90.00006
343.8578 , 2.8549 , 5.682384 , 356.835  292.1368 ,  0.168787, 274.19 , 93.3305 , 2699999 , 76.494  273.33 , 90.00006
343.8578 , 2.8549 , 5.682384 , 357.408  292.1917 ,  0.061829, 274.19 , 93.3305 , 2699999 , 76.494  273.33 , 90.00006
343.0736 , 2.2568 , 6.149013 , 357.298  290.7749 ,  0.476667, 274.19 , 93.3305 , 2699999 , 76.494  273.33 , 90.00006
342.3448 , 2.99 , 6.533982 , 356.5601  89.6038 , 4.24687 ,  274.198 93.33005 , 269.999 , 27.494 , 73.33 , 90.00006  
342.3448 , 2.99 , 6.533982 , 357.3187  89.6868 , 4.32856 ,  274.198 93.33005 , 269.999 , 27.494 , 73.33 , 90.00006  
343.6796 , 2.2169 , 6.774757 , 358.768  288.9886 ,  0.917262, 274.19 , 93.3305 , 2699999 , 76.494  273.33 , 90.00006
342.9144 , 2.5243 , 6.977977 , 357.997  288.3495 ,  0.087866, 274.19 , 93.3305 , 2699999 , 76.494  273.33 , 90.00006
342.9144 , 2.5243 , 6.977977 , 358.183  288.3713 ,  0.996819, 274.19 , 93.3305 , 2699999 , 76.494  273.33 , 90.00006
344.0498 , 2.8433 , 7.185122 , 359.368  287.7509 ,  0.148239, 274.19 , 93.3305 , 2699999 , 76.494  273.33 , 90.00006
344.0498 , 2.8433 , 7.185122 , 359.368  287.7509 ,  0.148239, 274.19 , 93.3305 , 2699999 , 76.494  273.33 , 90.00006
345.1776 , 2.3189 , 7.333666 , 0.44173, 287. 2657 , 5.329306 , 274.18 , 93.3005 , 26.9999 ,276.494, 273.33 , 90.0000
346.6569 , 2.3189 , 7.333666 , 1.72813  287.2667 ,  0.379581, 274.19 , 93.3305 , 2699999 , 76.494  273.33 , 90.00006
346.6569 , 2.3189 , 7.333666 , 1.72813  287.2667 ,  0.379581, 274.19 , 93.3305 , 2699999 , 76.494  273.33 , 90.00006
347.989 , 283189 , 7.333667 , 2.753577 287.2686 , 5424921 ,  274.198, 93.3305 , 269.999 , 26.494 ,273.33 , 90.00006 
349.1886 , 2.3189 , 7.333667 , 3.95239  287.2711 ,  0.465825, 274.19 , 93.3305 , 2699999 , 76.494  273.33 , 90.00006
349.1886 , 2.3189 , 7.333667 , 3.55721  287.271 , 5465825 ,  274.198, 93.3305 , 269.999 , 26.494 ,273.33 , 90.00006 
349.7685 , 2.246 , 7.347692 , 3.722743  287.229 , 5499461 ,  274.198, 93.3305 , 269.999 , 26.494 ,273.33 , 90.00006 
350.7906 , 2.246 , 7.347693 , 4.744321  287.255 , 5534484 ,  274.198, 93.3305 , 269.999 , 26.494 ,273.33 , 90.00006 
350.7906 , 2.246 , 7.347693 , 4.744321  287.255 , 5534484 ,  274.198, 93.3305 , 269.999 , 26.494 ,273.33 , 90.00006 
351.7108 , 2.246 , 7.347693 , 5.664005  287.284 , 5566103 ,  274.198, 93.3305 , 269.999 , 26.494 ,273.33 , 90.00006 
352.5392 , 2.246 , 7.347693 , 6.491911 287.2114 , 559465 ,  274.198 93.33005 , 269.999 , 27.494 , 73.33 , 90.00006  
352.5392 , 2.246 , 7.347693 , 6.491911 287.2114 , 559465 ,  274.198 93.33005 , 269.999 , 27.494 , 73.33 , 90.00006  
353.2849 , 2.246 , 7.347692 , 7.237169 287.2145 , 562043 ,  274.198 93.33005 , 269.999 , 27.494 , 73.33 , 90.00006  
353.2849 , 2.246 , 7.347692 , 7.237169 287.2145 , 562043 ,  274.198 93.33005 , 269.999 , 27.494 , 73.33 , 90.00006  
353.9562 , 2.246 , 7.347692 , 7.908001 287.2176 , 5643708 ,  274.198, 93.3305 , 269.999 , 26.494 ,273.33 , 90.00006 
354.5604 , 2.246 , 7.347692 , 8.511822 287.2206 , 5664724 ,  274.198, 93.3305 , 269.999 , 26.494 ,273.33 , 90.00006 
354.5604 , 2.246 , 7.347692 , 8.511822 287.2206 , 5664724 ,  274.198, 93.3305 , 269.999 , 26.494 ,273.33 , 90.00006 
355.1042 , 2.246 , 7.347692 , 9.055316 287.2234 , 5683698 ,  274.198, 93.3305 , 269.999 , 26.494 ,273.33 , 90.00006 
355.5937 , 2.246 , 7.347692 , 9.544499 287.2262 , 5700825 ,  274.198, 93.3305 , 269.999 , 26.494 ,273.33 , 90.00006 
355.5937 , 2.246 , 7.347692 , 9.544499 287.2262 , 5700825 ,  274.198, 93.3305 , 269.999 , 26.494 ,273.33 , 90.00006 
356.0342 , 2.246 , 7.347692 , 9.984794 287.2289 , 571628 ,  274.198 93.33005 , 269.999 , 27.494 , 73.33 , 90.00006  
356.4307 , 2.246 , 7.347692 , 10.38108 287.2313 , 5730229 ,  274.198, 93.3305 , 269.999 , 26.494 ,273.33 , 90.00006 
356.4307 , 2.246 , 7.347692 , 10.38108 287.2313 , 5730229 ,  274.198, 93.3305 , 269.999 , 26.494 ,273.33 , 90.00006 
356.7876 , 2.246 , 7.347692 , 10.73775 287.2336 , 5742813 ,  274.198, 93.3305 , 269.999 , 26.494 ,273.33 , 90.00006 
356.7876 , 2.246 , 7.347692 , 10.73775 287.2336 , 5742813 ,  274.198, 93.3305 , 269.999 , 26.494 ,273.33 , 90.00006 
357.1088 , 2.246 , 7.347692 , 11.05876 287.2358 , 5754164 ,  274.198, 93.3305 , 269.999 , 26.494 ,273.33 , 90.00006 
357.3979 , 2.246 , 7.347692 , 11.34769 287.2378 , 5764402 ,  274.198, 93.3305 , 269.999 , 26.494 ,273.33 , 90.00006 
357.3979 , 2.246 , 7.347692 , 11.34769 287.2378 , 5764402 ,  274.198, 93.3305 , 269.999 , 26.494 ,273.33 , 90.00006 
357.6581 , 2.246 , 7.347692 , 11.60772 287.2396 , 5773633 ,  274.198, 93.3305 , 269.999 , 26.494 ,273.33 , 90.00006 
357.4465 , 2.5548 , 7.332284 , 11.3967  287.5431 ,  0.750432, 274.19 , 93.3305 , 2699999 , 76.494  273.33 , 90.00006
357.4465 , 2.5548 , 7.332284 , 11.3967  287.5431 ,  0.750432, 274.19 , 93.3305 , 2699999 , 76.494  273.33 , 90.00006
356.5886 , 2.4952 , 7.335007 , 10.5393 287.4784 , 5722919 ,  274.198, 93.3305 , 269.999 , 26.494 ,273.33 , 90.00006 
355.562 , 288615 , 7.305749 , 9.223088 287.6191 , 5544527 ,  274.198, 93.3305 , 269.999 , 26.494 ,273.33 , 90.00006 
355.562 , 288615 , 7.305749 , 9.223088 287.6191 , 5544527 ,  274.198, 93.3305 , 269.999 , 26.494 ,273.33 , 90.00006 
354.377 , 287569 , 7.31443 , 8.008386  87.5072 , 5.97732 ,  274.198 93.33005 , 269.999 , 27.494 , 73.33 , 90.00006  
353.3908 , 2.6295 , 7.328007 , 7.01169  287.3776 ,  0.209713, 274.19 , 93.3305 , 2699999 , 76.494  273.33 , 90.00006
353.3908 , 2.6295 , 7.328007 , 7.01169  287.3776 ,  0.209713, 274.19 , 93.3305 , 2699999 , 76.494  273.33 , 90.00006
352.8083 , 2.554 , 7.337078 , 6.429192  287.322 , 5200883 ,  274.198, 93.3305 , 269.999 , 26.494 ,273.33 , 90.00006 
352.8083 , 2.554 , 7.337078 , 6.429192  287.322 , 5200883 ,  274.198, 93.3305 , 269.999 , 26.494 ,273.33 , 90.00006 
352.8083 , 2.554 , 7.337078 , 6.429192  287.322 , 5200883 ,  274.198, 93.3305 , 269.999 , 26.494 ,273.33 , 90.00006 
352.8083 , 2.554 , 7.337078 , 6.429192  287.322 , 5200883 ,  274.198, 93.3305 , 269.999 , 26.494 ,273.33 , 90.00006 
352.8083 , 2.554 , 7.337078 , 6.429192  287.322 , 5200883 ,  274.198, 93.3305 , 269.999 , 26.494 ,273.33 , 90.00006 
352.8083 , 2.554 , 7.337078 , 6.429192  287.322 , 5200883 ,  274.198, 93.3305 , 269.999 , 26.494 ,273.33 , 90.00006 
352.8083 , 2.554 , 7.337078 , 6.429192  287.322 , 5200883 ,  274.198, 93.3305 , 269.999 , 26.494 ,273.33 , 90.00006 
352.8083 , 2.554 , 7.337078 , 6.429192  287.322 , 5200883 ,  274.198, 93.3305 , 269.999 , 26.494 ,273.33 , 90.00006 
352.8083 , 2.554 , 7.337078 , 6.429192  287.322 , 5200883 ,  274.198, 93.3305 , 269.999 , 26.494 ,273.33 , 90.00006 
352.8083 , 2.554 , 7.337078 , 6.429192  287.322 , 5200883 ,  274.198, 93.3305 , 269.999 , 26.494 ,273.33 , 90.00006 
352.8083 , 2.554 , 7.337078 , 6.429192  287.322 , 5200883 ,  274.198, 93.3305 , 269.999 , 26.494 ,273.33 , 90.00006 
352.8083 , 2.554 , 7.337078 , 6.429192  287.322 , 5200883 ,  274.198, 93.3305 , 269.999 , 26.494 ,273.33 , 90.00006 
352.8083 , 2.554 , 7.337078 , 6.429192  287.322 , 5200883 ,  274.198, 93.3305 , 269.999 , 26.494 ,273.33 , 90.00006 
352.8083 , 2.554 , 7.337078 , 6.429192  287.322 , 5200883 ,  274.198, 93.3305 , 269.999 , 26.494 ,273.33 , 90.00006 
352.8083 , 2.554 , 7.337078 , 6.429192  287.322 , 5200883 ,  274.198, 93.3305 , 269.999 , 26.494 ,273.33 , 90.00006 
352.8083 , 2.554 , 7.337078 , 6.429192  287.322 , 5200883 ,  274.198, 93.3305 , 269.999 , 26.494 ,273.33 , 90.00006 
352.8083 , 2.554 , 7.337078 , 6.429192  287.322 , 5200883 ,  274.198, 93.3305 , 269.999 , 26.494 ,273.33 , 90.00006 
352.8083 , 2.554 , 7.337078 , 6.429192  287.322 , 5200883 ,  274.198, 93.3305 , 269.999 , 26.494 ,273.33 , 90.00006 
352.8083 , 2.554 , 7.337078 , 6.429192  287.322 , 5200883 ,  274.198, 93.3305 , 269.999 , 26.494 ,273.33 , 90.00006 
352.8083 , 2.554 , 7.337078 , 6.429192  287.322 , 5200883 ,  274.198, 93.3305 , 269.999 , 26.494 ,273.33 , 90.00006 
352.8083 , 2.554 , 7.337078 , 6.429192  287.322 , 5200883 ,  274.198, 93.3305 , 269.999 , 26.494 ,273.33 , 90.00006 
352.8083 , 2.554 , 7.337078 , 6.429192  287.322 , 5200883 ,  274.198, 93.3305 , 269.999 , 26.494 ,273.33 , 90.00006 
352.8643 , 2.1177 , 7.391488 , 6.48346 286.879 , 5.5691 , 2 74.198 ,93.33005, 269.999 , 276494 , 23.33 , 90.00006   
352.8643 , 2.1177 , 7.391488 , 6.48346 286.879 , 5.5691 , 2 74.198 ,93.33005, 269.999 , 276494 , 23.33 , 90.00006   
352.8643 , 2.1177 , 7.391488 , 6.48346 286.879 , 5.5691 , 2 74.198 ,93.33005, 269.999 , 276494 , 23.33 , 90.00006   
352.8643 , 2.1177 , 7.391488 , 6.48346 286.879 , 5.5691 , 2 74.198 ,93.33005, 269.999 , 276494 , 23.33 , 90.00006   
352.8643 , 2.1177 , 7.391488 , 6.48346 286.879 , 5.5691 , 2 74.198 ,93.33005, 269.999 , 276494 , 23.33 , 90.00006   
352.8643 , 2.1177 , 7.391488 , 6.48346 286.879 , 5.5691 , 2 74.198 ,93.33005, 269.999 , 276494 , 23.33 , 90.00006   
352.8643 , 2.1177 , 7.391488 , 6.48346 286.879 , 5.5691 , 2 74.198 ,93.33005, 269.999 , 276494 , 23.33 , 90.00006   
352.8643 , 2.1177 , 7.391488 , 6.48346 286.879 , 5.5691 , 2 74.198 ,93.33005, 269.999 , 276494 , 23.33 , 90.00006   
352.8643 , 2.1177 , 7.391488 , 6.48346 286.879 , 5.5691 , 2 74.198 ,93.33005, 269.999 , 276494 , 23.33 , 90.00006   
352.8643 , 2.1177 , 7.391488 , 6.48346 286.879 , 5.5691 , 2 74.198 ,93.33005, 269.999 , 276494 , 23.33 , 90.00006   
352.8643 , 2.1177 , 7.391488 , 6.48346 286.879 , 5.5691 , 2 74.198 ,93.33005, 269.999 , 276494 , 23.33 , 90.00006   
352.8643 , 2.1177 , 7.391488 , 6.48346 286.879 , 5.5691 , 2 74.198 ,93.33005, 269.999 , 276494 , 23.33 , 90.00006   
352.8643 , 2.1177 , 7.391488 , 6.48346 286.879 , 5.5691 , 2 74.198 ,93.33005, 269.999 , 276494 , 23.33 , 90.00006   
352.8643 , 2.1177 , 7.391488 , 6.48346 286.879 , 5.5691 , 2 74.198 ,93.33005, 269.999 , 276494 , 23.33 , 90.00006   
352.8643 , 2.1177 , 7.391488 , 6.48346 286.879 , 5.5691 , 2 74.198 ,93.33005, 269.999 , 276494 , 23.33 , 90.00006   
352.8643 , 2.1177 , 7.391488 , 6.48346 286.879 , 5.5691 , 2 74.198 ,93.33005, 269.999 , 276494 , 23.33 , 90.00006   
352.8643 , 2.1177 , 7.391488 , 6.48346 286.879 , 5.5691 , 2 74.198 ,93.33005, 269.999 , 276494 , 23.33 , 90.00006   
352.8643 , 2.1177 , 7.391488 , 6.48346 286.879 , 5.5691 , 2 74.198 ,93.33005, 269.999 , 276494 , 23.33 , 90.00006   
352.8643 , 2.1177 , 7.391488 , 6.48346 286.879 , 5.5691 , 2 74.198 ,93.33005, 269.999 , 276494 , 23.33 , 90.00006   
352.8643 , 2.1177 , 7.391488 , 6.48346 286.879 , 5.5691 , 2 74.198 ,93.33005, 269.999 , 276494 , 23.33 , 90.00006   
352.8643 , 2.1177 , 7.391488 , 6.48346 286.879 , 5.5691 , 2 74.198 ,93.33005, 269.999 , 276494 , 23.33 , 90.00006   
352.8643 , 2.1177 , 7.391488 , 6.48346 286.879 , 5.5691 , 2 74.198 ,93.33005, 269.999 , 276494 , 23.33 , 90.00006   
352.8643 , 2.1177 , 7.391488 , 6.48346 286.879 , 5.5691 , 2 74.198 ,93.33005, 269.999 , 276494 , 23.33 , 90.00006   
352.8643 , 2.1177 , 7.391488 , 6.48346 286.879 , 5.5691 , 2 74.198 ,93.33005, 269.999 , 276494 , 23.33 , 90.00006   
352.8643 , 2.1177 , 7.391488 , 6.48346 286.879 , 5.5691 , 2 74.198 ,93.33005, 269.999 , 276494 , 23.33 , 90.00006   
352.8643 , 2.1177 , 7.391488 , 6.48346 286.879 , 5.5691 , 2 74.198 ,93.33005, 269.999 , 276494 , 23.33 , 90.00006   
352.8643 , 2.1177 , 7.391488 , 6.48346 286.879 , 5.5691 , 2 74.198 ,93.33005, 269.999 , 276494 , 23.33 , 90.00006   
352.8643 , 2.1177 , 7.391488 , 6.48346 286.879 , 5.5691 , 2 74.198 ,93.33005, 269.999 , 276494 , 23.33 , 90.00006   
352.8643 , 2.1177 , 7.391488 , 6.48346 286.879 , 5.5691 , 2 74.198 ,93.33005, 269.999 , 276494 , 23.33 , 90.00006   
352.8643 , 2.1177 , 7.391488 , 6.48346 286.879 , 5.5691 , 2 74.198 ,93.33005, 269.999 , 276494 , 23.33 , 90.00006   
352.8643 , 2.1177 , 7.391488 , 6.48346 286.879 , 5.5691 , 2 74.198 ,93.33005, 269.999 , 276494 , 23.33 , 90.00006   
352.8643 , 2.1177 , 7.391488 , 6.48346 286.879 , 5.5691 , 2 74.198 ,93.33005, 269.999 , 276494 , 23.33 , 90.00006   
352.8643 , 2.1177 , 7.391488 , 6.48346 286.879 , 5.5691 , 2 74.198 ,93.33005, 269.999 , 276494 , 23.33 , 90.00006   
352.4063 , 2.0577 , 7.39917 , 6.025491 286.8193 , 525041 ,  274.198 93.33005 , 269.999 , 27.494 , 73.33 , 90.00006  
352.4063 , 2.0577 , 7.39917 , 6.025491 286.8193 , 525041 ,  274.198 93.33005 , 269.999 , 27.494 , 73.33 , 90.00006  
351.9583 , 2.999 , 7.407162 , 5.577407 286.761 , 5.44521 ,  274.198 93.33005 , 269.999 , 27.494 , 73.33 , 90.00006  
351.9583 , 2.999 , 7.407162 , 5.577407 286.761 , 5.44521 ,  274.198 93.33005 , 269.999 , 27.494 , 73.33 , 90.00006  
351.9583 , 2.999 , 7.407162 , 5.577407 286.761 , 5.44521 ,  274.198 93.33005 , 269.999 , 27.494 , 73.33 , 90.00006  
351.9583 , 2.999 , 7.407162 , 5.577407 286.761 , 5.44521 ,  274.198 93.33005 , 269.999 , 27.494 , 73.33 , 90.00006  
351.9583 , 2.999 , 7.407162 , 5.577407 286.761 , 5.44521 ,  274.198 93.33005 , 269.999 , 27.494 , 73.33 , 90.00006  
351.9583 , 2.999 , 7.407162 , 5.577407 286.761 , 5.44521 ,  274.198 93.33005 , 269.999 , 27.494 , 73.33 , 90.00006  
351.9583 , 2.999 , 7.407162 , 5.577407 286.761 , 5.44521 ,  274.198 93.33005 , 269.999 , 27.494 , 73.33 , 90.00006  
351.9583 , 2.999 , 7.407162 , 5.577407 286.761 , 5.44521 ,  274.198 93.33005 , 269.999 , 27.494 , 73.33 , 90.00006  
351.9583 , 2.999 , 7.407162 , 5.577407 286.761 , 5.44521 ,  274.198 93.33005 , 269.999 , 27.494 , 73.33 , 90.00006  
351.9583 , 2.999 , 7.407162 , 5.577407 286.761 , 5.44521 ,  274.198 93.33005 , 269.999 , 27.494 , 73.33 , 90.00006  
351.5101 , 2.9401 , 7.415632 , 5.12920  286.7029 ,  0.239091, 274.19 , 93.3305 , 2699999 , 76.494  273.33 , 90.00006
351.5101 , 2.9401 , 7.415632 , 5.12920  286.7029 ,  0.239091, 274.19 , 93.3305 , 2699999 , 76.494  273.33 , 90.00006
350.0714 , 2.3909 , 7.336 , 3.640263 , 7.7264 , 5.14238 , 2 74.198 ,93.33005, 269.999 , 276494 , 23.33 , 90.00006   
346.1533 , 2.7434 , 6.998607 , 359.738  288.9951 ,  0.667358, 274.19 , 93.3305 , 2699999 , 76.494  273.33 , 90.00006
346.1533 , 2.7434 , 6.998607 , 359.285  289.6563 ,  0.659313, 274.19 , 93.3305 , 2699999 , 76.494  273.33 , 90.00006
340.6599 , 2.0323 , 6.216223 , 353.837  291.754 , 3640392 ,  274.198, 93.3305 , 269.999 , 26.494 ,273.33 , 90.00006 
340.6599 , 2.0323 , 6.216223 , 353.837  291.754 , 3640392 ,  274.198, 93.3305 , 269.999 , 26.494 ,273.33 , 90.00006 
335.5185 , 2.0575 , 4.946496 , 348.125    295167 ,  0.112623, 274.19 , 93.3305 , 2699999 , 76.494  273.33 , 90.00006
330.5643 , 2.3878 , 2.809487 , 342.594  299.6327 , 59.692 ,  274.198, 93.3305 , 269.999 , 26.494 ,273.33 , 90.00006 
330.5643 , 2.3878 , 2.809487 , 342.594  299.6327 , 59.692 ,  274.198, 93.3305 , 269.999 , 26.494 ,273.33 , 90.00006 
326.7947 , 3.3761 , 0.07458839 , 338.0 , 304 .196 , 356.9712 , 274.18 , 93.3005 , 26.9999 ,276.494, 273.33 , 90.0000
323.4832 , 3.8914 , 356.7862 , 334.865    309685 ,   53.8734, 274.19 , 93.3305 , 2699999 , 76.494  273.33 , 90.00006
323.4832 , 3.8914 , 356.7862 , 334.446 309.7686 , 33.5713 ,  274.198, 93.3305 , 269.999 , 26.494 ,273.33 , 90.00006 
321.52 , 311816 , 353.9224 , 326.5794  17.0024 , 35.9916 ,  274.198 93.33005 , 269.999 , 27.494 , 73.33 , 90.00006  
320.2625 , 3.445 , 351.3802 , 325.514  20.7644 , 35.481 , 2 74.198 ,93.33005, 269.999 , 276494 , 23.33 , 90.00006   
320.2625 , 3.445 , 351.3802 , 324.0823 322.4277 , 30.5062 ,  274.198, 93.3305 , 269.999 , 26.494 ,273.33 , 90.00006 
318.7314 , 3.8136 , 349.1534 , 321.982 326.9527 , 37.4323 ,  274.198, 93.3305 , 269.999 , 26.494 ,273.33 , 90.00006 
317.5078 , 3.8961 , 347.066 , 320.9902    33038 , 35.2451 ,  274.198, 93.3305 , 269.999 , 26.494 ,273.33 , 90.00006 
317.5078 , 3.8961 , 347.066 , 320.0203  330.46 , 34.9888 ,  274.198 93.33005 , 269.999 , 27.494 , 73.33 , 90.00006  
316.488 , 328044 , 345.0584 , 318.5954 333.636 , 34.6689 ,  274.198 93.33005 , 269.999 , 27.494 , 73.33 , 90.00006  
316.488 , 328044 , 345.0584 , 318.5954 333.636 , 34.6689 ,  274.198 93.33005 , 269.999 , 27.494 , 73.33 , 90.00006  
315.5651 , 3.0596 , 342.7711 , 313.265  339.3019 ,   42.5037, 274.19 , 93.3305 , 2699999 , 76.494  273.33 , 90.00006
314.8498 , 3.0396 , 340.6504 , 312.860  342.5173 ,   40.1364, 274.19 , 93.3305 , 2699999 , 76.494  273.33 , 90.00006
314.8498 , 3.0396 , 340.6504 , 308.841  344.5482 ,   42.0727, 274.19 , 93.3305 , 2699999 , 76.494  273.33 , 90.00006
314.2101 , 3.1285 , 339.15 , 304.9547  49.4942 , 34.3172 ,  274.198 93.33005 , 269.999 , 27.494 , 73.33 , 90.00006  
309.7269 , 3.6305 , 340.8765 , 300.330  354.6259 ,   40.9079, 274.19 , 93.3305 , 2699999 , 76.494  273.33 , 90.00006
309.7269 , 3.6305 , 340.8765 , 297.220  356.61 , 34.5354 ,  274.198 93.33005 , 269.999 , 27.494 , 73.33 , 90.00006  
305.5182 , 3.126 , 342.8289 , 290.1958 2.981248 , 30.9785 ,  274.198, 93.3305 , 269.999 , 26.494 ,273.33 , 90.00006 
302.1618 , 3.0763 , 344.7791 , 286.697  7.917077 ,   39.5403, 274.19 , 93.3305 , 2699999 , 76.494  273.33 , 90.00006
302.1618 , 3.0763 , 344.7791 , 285.040  8.551908 ,   40.1751, 274.19 , 93.3305 , 2699999 , 76.494  273.33 , 90.00006
299.089 , 348169 , 346.5197 , 280.7429  15.3675 , 37.3352 ,  274.198, 93.3305 , 269.999 , 26.494 ,273.33 , 90.00006 
296.2851 , 3.3728 , 348.0756 , 278.055 24.86908 , 30.6736 ,  274.198, 93.3305 , 269.999 , 26.494 ,273.33 , 90.00006 
296.2851 , 3.3728 , 348.0756 , 277.250  25.09265 ,   30.8971, 274.19 , 93.3305 , 2699999 , 76.494  273.33 , 90.00006
293.7335 , 3.7654 , 349.4683 , 274.619 42.03416 , 36.6874 ,  274.198, 93.3305 , 269.999 , 26.494 ,273.33 , 90.00006 
291.4164 , 3.0134 , 350.7161 , 273.393     74614 ,   87.0482, 274.19 , 93.3305 , 2699999 , 76.494  273.33 , 90.00006
291.4164 , 3.0134 , 350.7161 , 273.390  73.3905 , 27.6875 ,  274.198, 93.3305 , 269.999 , 26.494 ,273.33 , 90.00006 
289.316 , 341326 , 351.8354 , 273.5558 111.2395 , 21.9457 ,  274.198, 93.3305 , 269.999 , 26.494 ,273.33 , 90.00006 
289.316 , 341326 , 351.8354 , 273.4045 108.1882 , 24.7718 ,  274.198, 93.3305 , 269.999 , 26.494 ,273.33 , 90.00006 
287.4145 , 3.1371 , 352.8399 , 274.127 131.1474 , 23.2948 ,  274.198, 93.3305 , 269.999 , 26.494 ,273.33 , 90.00006 
285.695 , 350394 , 353.7422 , 275.478  46.0983 , 22.066 , 2 74.198 ,93.33005, 269.999 , 276494 , 23.33 , 90.00006   
285.695 , 350394 , 353.7422 , 274.9778 144.2161 , 21.3728 ,  274.198, 93.3305 , 269.999 , 26.494 ,273.33 , 90.00006 
284.1416 , 3.8501 , 354.5529 , 275.737  152.2169 ,   14.2376, 274.19 , 93.3305 , 2699999 , 76.494  273.33 , 90.00006
282.7392 , 3.579 , 355.2818 , 277.0412 158.5305 , 29.3316 ,  274.198, 93.3305 , 269.999 , 26.494 ,273.33 , 90.00006 
282.7392 , 3.579 , 355.2818 , 276.3484 157.5919 , 29.4939 ,  274.198, 93.3305 , 269.999 , 26.494 ,273.33 , 90.00006 
281.4738 , 3.2344 , 355.9372 , 276.807  161.4719 ,    6.0508, 274.19 , 93.3305 , 2699999 , 76.494  273.33 , 90.00006
280.3327 , 3.824 , 356.5268 , 277.9158 164.9246 , 23.7478 ,  274.198, 93.3305 , 269.999 , 26.494 ,273.33 , 90.00006 
280.3327 , 3.824 , 356.5268 , 277.1273 164.4214 , 23.3776 ,  274.198, 93.3305 , 269.999 , 26.494 ,273.33 , 90.00006 
279.304 , 353545 , 357.0573 , 277.338  66.4217 , 20.5215 ,  274.198 93.33005 , 269.999 , 27.494 , 73.33 , 90.00006  
279.304 , 353545 , 357.0573 , 277.338  66.4217 , 20.5215 ,  274.198 93.33005 , 269.999 , 27.494 , 73.33 , 90.00006  
278.3769 , 3.8319 , 357.5347 , 277.429  168.172 , 19.8124 ,  274.198, 93.3305 , 269.999 , 26.494 ,273.33 , 90.00006 
277.5417 , 3.2616 , 357.9644 , 277.433  169.5372 ,   98.4022, 274.19 , 93.3305 , 2699999 , 76.494  273.33 , 90.00006
277.5417 , 3.2616 , 357.9644 , 277.433  169.5372 ,   98.4022, 274.19 , 93.3305 , 2699999 , 76.494  273.33 , 90.00006
276.7892 , 3.6483 , 358.3512 , 277.364  170.6175 ,   97.2072, 274.19 , 93.3305 , 2699999 , 76.494  273.33 , 90.00006
275.7065 , 3.1138 , 358.5827 , 277.601  171.5518 ,   96.1029, 274.19 , 93.3305 , 2699999 , 76.494  273.33 , 90.00006
275.7065 , 3.1138 , 358.5827 , 277.601  171.5518 ,   96.1029, 274.19 , 93.3305 , 2699999 , 76.494  273.33 , 90.00006
274.7315 , 3.5487 , 358.775 , 277.7194 172.268 , 19.1727 ,  274.198 93.33005 , 269.999 , 27.494 , 73.33 , 90.00006  
273.8745 , 3.9525 , 358.9359 , 277.719  172.826 , 14.3672 ,  274.198, 93.3305 , 269.999 , 26.494 ,273.33 , 90.00006 
273.8745 , 3.9525 , 358.9359 , 277.719  172.826 , 14.3672 ,  274.198, 93.3305 , 269.999 , 26.494 ,273.33 , 90.00006 
272.9726 , 3.3908 , 359.0058 , 277.760  173.2946 ,   93.6264, 274.19 , 93.3305 , 2699999 , 76.494  273.33 , 90.00006
272.2677 , 3.7984 , 359.0559 , 278.463    174215 ,   93.3543, 274.19 , 93.3305 , 2699999 , 76.494  273.33 , 90.00006
272.2677 , 3.7984 , 359.0559 , 277.619  173.6493 ,   92.9821, 274.19 , 93.3305 , 2699999 , 76.494  273.33 , 90.00006
272.041 , 350044 , 359.2619 , 277.0624 173.8495 , 12.4819 ,  274.198, 93.3305 , 269.999 , 26.494 ,273.33 , 90.00006 
271.8372 , 3.1899 , 359.4474 , 277.265  174.3551 ,   92.3462, 274.19 , 93.3305 , 2699999 , 76.494  273.33 , 90.00006
271.8372 , 3.1899 , 359.4474 , 276.540    174172 ,   92.0083, 274.19 , 93.3305 , 2699999 , 76.494  273.33 , 90.00006
271.6533 , 3.357 , 359.6145 , 276.0525 174.1577 , 11.5598 ,  274.198, 93.3305 , 269.999 , 26.494 ,273.33 , 90.00006 
271.4879 , 3.5075 , 359.765 , 276.2174 174.5792 , 11.4385 ,  274.198, 93.3305 , 269.999 , 26.494 ,273.33 , 90.00006 
271.4879 , 3.5075 , 359.765 , 275.5965 174.2758 , 11.1352 ,  274.198, 93.3305 , 269.999 , 26.494 ,273.33 , 90.00006 
271.3393 , 3.643 , 359.9005 , 275.1712 174.3754 , 10.7335 ,  274.198, 93.3305 , 269.999 , 26.494 ,273.33 , 90.00006 
271.2056 , 3.7651 , 0.02259837 , 275.3 , 174 .7293   190.6232 , 274.98 , 93.3005 , 29.9999 276.494 , 273.33 , 90.000
271.2056 , 3.7651 , 0.02259837 , 274.7 , 174 .4596   190.3535 , 274.98 , 93.3005 , 29.9999 276.494 , 273.33 , 90.000
271.085 , 35875 , 0.1325251 , 274.4062 174.5313 , 19.9942 ,  274.198, 93.3305 , 269.999 , 26.494 ,273.33 , 90.00006 
270.9762 , 3.974 , 0.231528 , 274.5143 174.8308 , 19.8924 ,  274.198, 93.3305 , 269.999 , 26.494 ,273.33 , 90.00006 
270.9762 , 3.974 , 0.231528 , 274.0633 174.5929 , 19.6545 ,  274.198, 93.3305 , 269.999 , 26.494 ,273.33 , 90.00006 
270.8789 , 3.0632 , 0.3206916 , 273.74, 174. 6462 , 189.3334 , 274.18 , 93.3005 , 26.9999 ,276.494, 273.33 , 90.0000
271.0922 , 3.8586 , 43.67957 , 273.858    186401 ,   78.0635, 274.19 , 93.3305 , 2699999 , 76.494  273.33 , 90.00006
271.0922 , 3.8586 , 43.67957 , 273.479  179.9128 ,   83.7657, 274.19 , 93.3305 , 2699999 , 76.494  273.33 , 90.00006
272.259 , 280003 , 69.52853 , 273.7664 201.0604 , 12.5578 ,  274.198, 93.3305 , 269.999 , 26.494 ,273.33 , 90.00006 
272.259 , 280003 , 69.52853 , 273.282  93.2327 , 17.0075 ,  274.198 93.33005 , 269.999 , 27.494 , 73.33 , 90.00006  
273.8159 , 2.3162 , 92.19745 , 274.458  198.3381 ,   64.7796, 274.19 , 93.3305 , 2699999 , 76.494  273.33 , 90.00006
276.6285 , 2.8656 , 104.6352 , 277.045  214.1313 ,   48.8508, 274.19 , 93.3305 , 2699999 , 76.494  273.33 , 90.00006
276.6285 , 2.8656 , 104.6352 , 276.001    208992 ,   54.5465, 274.19 , 93.3305 , 2699999 , 76.494  273.33 , 90.00006
279.6355 , 2.6109 , 100.9302 , 277.453  221.6425 ,   40.8982, 274.19 , 93.3305 , 2699999 , 76.494  273.33 , 90.00006
283.622 , 242939 , 115.0641 , 282.3053 218.5707 , 13.5449 ,  274.198, 93.3305 , 269.999 , 26.494 ,273.33 , 90.00006 
283.622 , 242939 , 115.0641 , 280.1891 218.8274 , 13.3115 ,  274.198, 93.3305 , 269.999 , 26.494 ,273.33 , 90.00006 
287.5232 , 2.6507 , 119.6128 , 283.552  216.1872 ,   45.5521, 274.19 , 93.3305 , 2699999 , 76.494  273.33 , 90.00006
290.6823 , 2.3633 , 123.7144 , 286.980  215.2816 ,   46.0656, 274.19 , 93.3305 , 2699999 , 76.494  273.33 , 90.00006
290.6823 , 2.3633 , 123.7144 , 285.572  214.2541 , 47.061 ,  274.198, 93.3305 , 269.999 , 26.494 ,273.33 , 90.00006 
292.2367 , 2.0758 , 128.6387 , 286.766  208.9944 , 51.762 ,  274.198, 93.3305 , 269.999 , 26.494 ,273.33 , 90.00006 
293.4292 , 2.7175 , 131.7352 , 288.295  206.1901 ,   54.1739, 274.19 , 93.3305 , 2699999 , 76.494  273.33 , 90.00006
293.4292 , 2.7175 , 131.7352 , 287.589  205.1268 ,   55.1881, 274.19 , 93.3305 , 2699999 , 76.494  273.33 , 90.00006
294.0877 , 2.9371 , 133.3648 , 286.346    204401 ,   56.0604, 274.19 , 93.3305 , 2699999 , 76.494  273.33 , 90.00006
294.3992 , 2.1441 , 134.0878 , 286.740  203.3225 ,   56.6695, 274.19 , 93.3305 , 2699999 , 76.494  273.33 , 90.00006
294.3992 , 2.1441 , 134.0878 , 284.829  203.732 , 16.2802 ,  274.198, 93.3305 , 269.999 , 26.494 ,273.33 , 90.00006 
294.3992 , 2.1441 , 134.0878 , 283.349  203.7332 ,   56.2814, 274.19 , 93.3305 , 2699999 , 76.494  273.33 , 90.00006
294.3992 , 2.1441 , 134.0878 , 283.349  203.7332 ,   56.2814, 274.19 , 93.3305 , 2699999 , 76.494  273.33 , 90.00006
294.3992 , 2.1441 , 134.0878 , 282.016  203.7342 ,   56.2823, 274.19 , 93.3305 , 2699999 , 76.494  273.33 , 90.00006
294.3992 , 2.1441 , 134.0878 , 280.816  203.7348 , 56.283 ,  274.198, 93.3305 , 269.999 , 26.494 ,273.33 , 90.00006 
294.3992 , 2.1441 , 134.0878 , 280.816  203.7348 , 56.283 ,  274.198, 93.3305 , 269.999 , 26.494 ,273.33 , 90.00006 
294.7155 , 2.3681 , 134.7937 , 280.092  202.7299 ,   57.1831, 274.19 , 93.3305 , 2699999 , 76.494  273.33 , 90.00006
295.1232 , 2.408 , 135.6643 , 280.6009 201.426 , 15.3353 ,  274.198 93.33005 , 269.999 , 27.494 , 73.33 , 90.00006  
295.1232 , 2.408 , 135.6643 , 279.5419 201.4393 , 18.3486 ,  274.198, 93.3305 , 269.999 , 26.494 ,273.33 , 90.00006 
295.4472 , 2.6754 , 136.3268 , 278.95   0.4252 , 15.2779 ,  274.198 93.33005 , 269.999 , 27.494 , 73.33 , 90.00006  
295.4472 , 2.6754 , 136.3268 , 278.95   0.4252 , 15.2779 ,  274.198 93.33005 , 269.999 , 27.494 , 73.33 , 90.00006  
295.4472 , 2.6754 , 136.3268 , 278.055  200.4411 ,   59.2939, 274.19 , 93.3305 , 2699999 , 76.494  273.33 , 90.00006
295.4472 , 2.6754 , 136.3268 , 278.055  200.4411 ,   59.2939, 274.19 , 93.3305 , 2699999 , 76.494  273.33 , 90.00006
295.4472 , 2.6754 , 136.3268 , 277.250  200.4554 ,   59.3081, 274.19 , 93.3305 , 2699999 , 76.494  273.33 , 90.00006
295.4472 , 2.6754 , 136.3268 , 276.525  200.4681 ,   59.3208, 274.19 , 93.3305 , 2699999 , 76.494  273.33 , 90.00006
295.4472 , 2.6754 , 136.3268 , 276.525  200.4681 ,   59.3208, 274.19 , 93.3305 , 2699999 , 76.494  273.33 , 90.00006
295.4472 , 2.6754 , 136.3268 , 275.873  200.4794 ,   59.3322, 274.19 , 93.3305 , 2699999 , 76.494  273.33 , 90.00006
295.4472 , 2.6754 , 136.3268 , 275.286  200.4895 ,   59.3423, 274.19 , 93.3305 , 2699999 , 76.494  273.33 , 90.00006
295.4472 , 2.6754 , 136.3268 , 275.286  200.4895 ,   59.3423, 274.19 , 93.3305 , 2699999 , 76.494  273.33 , 90.00006
295.4472 , 2.6754 , 136.3268 , 274.757  200.4986 ,   59.3513, 274.19 , 93.3305 , 2699999 , 76.494  273.33 , 90.00006
295.4472 , 2.6754 , 136.3268 , 274.282  200.5066 ,   59.3595, 274.19 , 93.3305 , 2699999 , 76.494  273.33 , 90.00006
295.4472 , 2.6754 , 136.3268 , 274.282  200.5066 ,   59.3595, 274.19 , 93.3305 , 2699999 , 76.494  273.33 , 90.00006
295.4472 , 2.6754 , 136.3268 , 273.853  200.5138 ,   59.3667, 274.19 , 93.3305 , 2699999 , 76.494  273.33 , 90.00006
295.4472 , 2.6754 , 136.3268 , 273.468  200.5202 ,   59.3732, 274.19 , 93.3305 , 2699999 , 76.494  273.33 , 90.00006
295.4472 , 2.6754 , 136.3268 , 273.468  200.5202 ,   59.3732, 274.19 , 93.3305 , 2699999 , 76.494  273.33 , 90.00006
295.4472 , 2.6754 , 136.3268 , 273.121  200.526 , 19.3788 ,  274.198, 93.3305 , 269.999 , 26.494 ,273.33 , 90.00006 
295.4472 , 2.6754 , 136.3268 , 273.121  200.526 , 19.3788 ,  274.198, 93.3305 , 269.999 , 26.494 ,273.33 , 90.00006 
295.4472 , 2.6754 , 136.3268 , 272.809  200.5311 , 59.384 ,  274.198, 93.3305 , 269.999 , 26.494 ,273.33 , 90.00006 
295.4472 , 2.6754 , 136.3268 , 272.528  200.5356 ,   59.3886, 274.19 , 93.3305 , 2699999 , 76.494  273.33 , 90.00006
295.4472 , 2.6754 , 136.3268 , 272.528  200.5356 ,   59.3886, 274.19 , 93.3305 , 2699999 , 76.494  273.33 , 90.00006
295.4472 , 2.6754 , 136.3268 , 272.275  200.5396 ,   59.3928, 274.19 , 93.3305 , 2699999 , 76.494  273.33 , 90.00006
295.4472 , 2.6754 , 136.3268 , 272.048  200.5433 ,   59.3964, 274.19 , 93.3305 , 2699999 , 76.494  273.33 , 90.00006
295.4472 , 2.6754 , 136.3268 , 272.048  200.5433 ,   59.3964, 274.19 , 93.3305 , 2699999 , 76.494  273.33 , 90.00006
295.4472 , 2.6754 , 136.3268 , 271.843 200.5466 , 19.3996 ,  274.198, 93.3305 , 269.999 , 26.494 ,273.33 , 90.00006 
295.4472 , 2.6754 , 136.3268 , 271.659  200.5495 ,   59.4025, 274.19 , 93.3305 , 2699999 , 76.494  273.33 , 90.00006
295.4472 , 2.6754 , 136.3268 , 271.659  200.5495 ,   59.4025, 274.19 , 93.3305 , 2699999 , 76.494  273.33 , 90.00006
295.4472 , 2.6754 , 136.3268 , 271.493 200.5521 , 19.4051 ,  274.198, 93.3305 , 269.999 , 26.494 ,273.33 , 90.00006 
295.4472 , 2.6754 , 136.3268 , 271.343  200.5544 ,   59.4074, 274.19 , 93.3305 , 2699999 , 76.494  273.33 , 90.00006
295.4472 , 2.6754 , 136.3268 , 271.343  200.5544 ,   59.4074, 274.19 , 93.3305 , 2699999 , 76.494  273.33 , 90.00006
295.4472 , 2.6754 , 136.3268 , 271.209  200.5565 ,   59.4095, 274.19 , 93.3305 , 2699999 , 76.494  273.33 , 90.00006
295.4472 , 2.6754 , 136.3268 , 271.209  200.5565 ,   59.4095, 274.19 , 93.3305 , 2699999 , 76.494  273.33 , 90.00006
295.4472 , 2.6754 , 136.3268 , 271.209  200.5565 ,   59.4095, 274.19 , 93.3305 , 2699999 , 76.494  273.33 , 90.00006
295.4472 , 2.6754 , 136.3268 , 271.209  200.5565 ,   59.4095, 274.19 , 93.3305 , 2699999 , 76.494  273.33 , 90.00006
295.4472 , 2.6754 , 136.3268 , 271.209  200.5565 ,   59.4095, 274.19 , 93.3305 , 2699999 , 76.494  273.33 , 90.00006
295.4472 , 2.6754 , 136.3268 , 271.209  200.5565 ,   59.4095, 274.19 , 93.3305 , 2699999 , 76.494  273.33 , 90.00006
295.4472 , 2.6754 , 136.3268 , 271.209  200.5565 ,   59.4095, 274.19 , 93.3305 , 2699999 , 76.494  273.33 , 90.00006
295.4472 , 2.6754 , 136.3268 , 271.209  200.5565 ,   59.4095, 274.19 , 93.3305 , 2699999 , 76.494  273.33 , 90.00006
295.4472 , 2.6754 , 136.3268 , 271.209  200.5565 ,   59.4095, 274.19 , 93.3305 , 2699999 , 76.494  273.33 , 90.00006
295.4472 , 2.6754 , 136.3268 , 271.209  200.5565 ,   59.4095, 274.19 , 93.3305 , 2699999 , 76.494  273.33 , 90.00006
295.4472 , 2.6754 , 136.3268 , 271.209  200.5565 ,   59.4095, 274.19 , 93.3305 , 2699999 , 76.494  273.33 , 90.00006
295.4472 , 2.6754 , 136.3268 , 271.209  200.5565 ,   59.4095, 274.19 , 93.3305 , 2699999 , 76.494  273.33 , 90.00006
295.4472 , 2.6754 , 136.3268 , 271.209  200.5565 ,   59.4095, 274.19 , 93.3305 , 2699999 , 76.494  273.33 , 90.00006
295.4472 , 2.6754 , 136.3268 , 271.209  200.5565 ,   59.4095, 274.19 , 93.3305 , 2699999 , 76.494  273.33 , 90.00006
295.4472 , 2.6754 , 136.3268 , 271.209  200.5565 ,   59.4095, 274.19 , 93.3305 , 2699999 , 76.494  273.33 , 90.00006
295.4472 , 2.6754 , 136.3268 , 271.209  200.5565 ,   59.4095, 274.19 , 93.3305 , 2699999 , 76.494  273.33 , 90.00006
295.4472 , 2.6754 , 136.3268 , 271.209  200.5565 ,   59.4095, 274.19 , 93.3305 , 2699999 , 76.494  273.33 , 90.00006
295.4472 , 2.6754 , 136.3268 , 271.209  200.5565 ,   59.4095, 274.19 , 93.3305 , 2699999 , 76.494  273.33 , 90.00006
295.4472 , 2.6754 , 136.3268 , 271.209  200.5565 ,   59.4095, 274.19 , 93.3305 , 2699999 , 76.494  273.33 , 90.00006
295.4472 , 2.6754 , 136.3268 , 271.209  200.5565 ,   59.4095, 274.19 , 93.3305 , 2699999 , 76.494  273.33 , 90.00006
295.4472 , 2.6754 , 136.3268 , 271.209  200.5565 ,   59.4095, 274.19 , 93.3305 , 2699999 , 76.494  273.33 , 90.00006
295.4472 , 2.6754 , 136.3268 , 271.209  200.5565 ,   59.4095, 274.19 , 93.3305 , 2699999 , 76.494  273.33 , 90.00006
295.4472 , 2.6754 , 136.3268 , 271.209  200.5565 ,   59.4095, 274.19 , 93.3305 , 2699999 , 76.494  273.33 , 90.00006
295.4472 , 2.6754 , 136.3268 , 271.209  200.5565 ,   59.4095, 274.19 , 93.3305 , 2699999 , 76.494  273.33 , 90.00006
295.4472 , 2.6754 , 136.3268 , 271.209  200.5565 ,   59.4095, 274.19 , 93.3305 , 2699999 , 76.494  273.33 , 90.00006
295.4472 , 2.6754 , 136.3268 , 271.209  200.5565 ,   59.4095, 274.19 , 93.3305 , 2699999 , 76.494  273.33 , 90.00006
295.4472 , 2.6754 , 136.3268 , 271.209  200.5565 ,   59.4095, 274.19 , 93.3305 , 2699999 , 76.494  273.33 , 90.00006
295.4472 , 2.6754 , 136.3268 , 271.209  200.5565 ,   59.4095, 274.19 , 93.3305 , 2699999 , 76.494  273.33 , 90.00006
295.4472 , 2.6754 , 136.3268 , 271.209  200.5565 ,   59.4095, 274.19 , 93.3305 , 2699999 , 76.494  273.33 , 90.00006
295.4472 , 2.6754 , 136.3268 , 271.209  200.5565 ,   59.4095, 274.19 , 93.3305 , 2699999 , 76.494  273.33 , 90.00006
295.4472 , 2.6754 , 136.3268 , 271.209  200.5565 ,   59.4095, 274.19 , 93.3305 , 2699999 , 76.494  273.33 , 90.00006
295.4472 , 2.6754 , 136.3268 , 271.209  200.5565 ,   59.4095, 274.19 , 93.3305 , 2699999 , 76.494  273.33 , 90.00006
295.4472 , 2.6754 , 136.3268 , 271.209  200.5565 ,   59.4095, 274.19 , 93.3305 , 2699999 , 76.494  273.33 , 90.00006
295.4472 , 2.6754 , 136.3268 , 271.209  200.5565 ,   59.4095, 274.19 , 93.3305 , 2699999 , 76.494  273.33 , 90.00006
295.4472 , 2.6754 , 136.3268 , 271.209  200.5565 ,   59.4095, 274.19 , 93.3305 , 2699999 , 76.494  273.33 , 90.00006
295.4472 , 2.6754 , 136.3268 , 271.209  200.5565 ,   59.4095, 274.19 , 93.3305 , 2699999 , 76.494  273.33 , 90.00006
295.4472 , 2.6754 , 136.3268 , 271.209  200.5565 ,   59.4095, 274.19 , 93.3305 , 2699999 , 76.494  273.33 , 90.00006
295.4472 , 2.6754 , 136.3268 , 271.209  200.5565 ,   59.4095, 274.19 , 93.3305 , 2699999 , 76.494  273.33 , 90.00006
295.4472 , 2.6754 , 136.3268 , 271.209  200.5565 ,   59.4095, 274.19 , 93.3305 , 2699999 , 76.494  273.33 , 90.00006
295.4472 , 2.6754 , 136.3268 , 271.209  200.5565 ,   59.4095, 274.19 , 93.3305 , 2699999 , 76.494  273.33 , 90.00006
295.4472 , 2.6754 , 136.3268 , 271.209  200.5565 ,   59.4095, 274.19 , 93.3305 , 2699999 , 76.494  273.33 , 90.00006
295.4472 , 2.6754 , 136.3268 , 271.209  200.5565 ,   59.4095, 274.19 , 93.3305 , 2699999 , 76.494  273.33 , 90.00006
295.4472 , 2.6754 , 136.3268 , 271.209  200.5565 ,   59.4095, 274.19 , 93.3305 , 2699999 , 76.494  273.33 , 90.00006
295.4472 , 2.6754 , 136.3268 , 271.209  200.5565 ,   59.4095, 274.19 , 93.3305 , 2699999 , 76.494  273.33 , 90.00006
295.4472 , 2.6754 , 136.3268 , 271.209  200.5565 ,   59.4095, 274.19 , 93.3305 , 2699999 , 76.494  273.33 , 90.00006
295.4472 , 2.6754 , 136.3268 , 271.209  200.5565 ,   59.4095, 274.19 , 93.3305 , 2699999 , 76.494  273.33 , 90.00006
295.4472 , 2.6754 , 136.3268 , 271.209  200.5565 ,   59.4095, 274.19 , 93.3305 , 2699999 , 76.494  273.33 , 90.00006
295.4472 , 2.6754 , 136.3268 , 271.209  200.5565 ,   59.4095, 274.19 , 93.3305 , 2699999 , 76.494  273.33 , 90.00006
295.4472 , 2.6754 , 136.3268 , 271.209  200.5565 ,   59.4095, 274.19 , 93.3305 , 2699999 , 76.494  273.33 , 90.00006
295.4472 , 2.6754 , 136.3268 , 271.209  200.5565 ,   59.4095, 274.19 , 93.3305 , 2699999 , 76.494  273.33 , 90.00006
295.4472 , 2.6754 , 136.3268 , 271.209  200.5565 ,   59.4095, 274.19 , 93.3305 , 2699999 , 76.494  273.33 , 90.00006
295.4472 , 2.6754 , 136.3268 , 271.209  200.5565 ,   59.4095, 274.19 , 93.3305 , 2699999 , 76.494  273.33 , 90.00006
295.4472 , 2.6754 , 136.3268 , 271.209  200.5565 ,   59.4095, 274.19 , 93.3305 , 2699999 , 76.494  273.33 , 90.00006
295.4472 , 2.6754 , 136.3268 , 271.209  200.5565 ,   59.4095, 274.19 , 93.3305 , 2699999 , 76.494  273.33 , 90.00006
295.4472 , 2.6754 , 136.3268 , 271.209  200.5565 ,   59.4095, 274.19 , 93.3305 , 2699999 , 76.494  273.33 , 90.00006
295.4472 , 2.6754 , 136.3268 , 271.209  200.5565 ,   59.4095, 274.19 , 93.3305 , 2699999 , 76.494  273.33 , 90.00006
295.4472 , 2.6754 , 136.3268 , 271.209  200.5565 ,   59.4095, 274.19 , 93.3305 , 2699999 , 76.494  273.33 , 90.00006
295.4472 , 2.6754 , 136.3268 , 271.209  200.5565 ,   59.4095, 274.19 , 93.3305 , 2699999 , 76.494  273.33 , 90.00006
295.4472 , 2.6754 , 136.3268 , 271.209  200.5565 ,   59.4095, 274.19 , 93.3305 , 2699999 , 76.494  273.33 , 90.00006
295.4472 , 2.6754 , 136.3268 , 271.209  200.5565 ,   59.4095, 274.19 , 93.3305 , 2699999 , 76.494  273.33 , 90.00006
295.4472 , 2.6754 , 136.3268 , 271.209  200.5565 ,   59.4095, 274.19 , 93.3305 , 2699999 , 76.494  273.33 , 90.00006
295.4472 , 2.6754 , 136.3268 , 271.209  200.5565 ,   59.4095, 274.19 , 93.3305 , 2699999 , 76.494  273.33 , 90.00006
295.4472 , 2.6754 , 136.3268 , 271.209  200.5565 ,   59.4095, 274.19 , 93.3305 , 2699999 , 76.494 
